Real,Predicho,Producto,Año,Error_Absoluto,Error_Porcentual
17075.999999999993,22849.57844152023,Raíces de achicoria,1969,5773.578441520236,33.81107075146544
12777.999999999993,16594.163147785097,Raíces de achicoria,1970,3816.1631477851042,29.865105241705326
16600.000000000007,14323.263025531656,Raíces de achicoria,1971,2276.736974468351,13.715282978725
5219.999999999996,15057.617593842207,Raíces de achicoria,1972,9837.617593842211,188.46010716172833
16904.00000000001,5519.641718559987,Raíces de achicoria,1974,11384.358281440025,67.3471266057739
19551.000000000015,14439.249230604417,Raíces de achicoria,1975,5111.750769395598,26.145725381799366
19024.00000000001,19926.970470568034,Raíces de achicoria,1976,902.9704705680233,4.7464806064340985
34201.00000000001,19291.181446369104,Raíces de achicoria,1977,14909.818553630903,43.59468598471068
27857.000000000007,31923.387342087957,Raíces de achicoria,1978,4066.38734208795,14.597362752945218
25846.999999999993,29779.30135310209,Raíces de achicoria,1979,3932.301353102099,15.213763117971524
24010.000000000007,26928.16561127576,Raíces de achicoria,1980,2918.165611275752,12.153959230636199
21360.000000000004,23577.355344231542,Raíces de achicoria,1981,2217.3553442315388,10.380877079735667
21865.999999999996,23648.92890782035,Raíces de achicoria,1982,1782.9289078203547,8.153886892071503
20467.999999999996,23648.92890782035,Raíces de achicoria,1983,3180.9289078203547,15.54098547889562
20003.000000000015,21411.61202128769,Raíces de achicoria,1984,1408.612021287674,7.042003805867485
26760.000000000022,19996.155518420004,Raíces de achicoria,1985,6763.844481580018,25.27595097750378
20233.99999999999,26442.460624936633,Raíces de achicoria,1986,6208.460624936644,30.68330841621354
26611.0,20556.872827343606,Raíces de achicoria,1987,6054.127172656394,22.75046850045618
36431.999999999985,26442.460624936633,Raíces de achicoria,1988,9989.539375063352,27.419684274987254
31329.000000000015,35626.90717981938,Raíces de achicoria,1989,4297.907179819369,13.718622298251992
16647.999999999993,30267.214249410754,Raíces de achicoria,1990,13619.214249410761,81.80690923480759
11062.00000000001,14481.84659131129,Raíces de achicoria,1991,3419.8465913112814,30.915264792182956
11511.999999999989,10267.541986179158,Raíces de achicoria,1992,1244.4580138208312,10.810093935205286
8038.999999999995,11966.526860386819,Raíces de achicoria,1993,3927.5268603868235,48.85591317809212
5523.000000000003,9512.425430244079,Raíces de achicoria,1994,3989.425430244076,72.23294278913768
4908.000000000003,6196.681493536818,Raíces de achicoria,1995,1288.6814935368157,26.256754147041867
6798.0000000000055,5015.200614587378,Raíces de achicoria,1996,1782.799385412627,26.22535135940903
6097.0,7057.727286869787,Raíces de achicoria,1997,960.7272868697873,15.757377183365382
6000.000000000005,6669.797410305413,Raíces de achicoria,1998,669.7974103054084,11.163290171756799
5654.000000000003,6278.283466829394,Raíces de achicoria,1999,624.2834668293908,11.041447945337646
6050.0,6110.65793777674,Raíces de achicoria,2000,60.657937776740255,1.0026105417643019
6000.000000000005,6278.283466829394,Raíces de achicoria,2001,278.283466829389,4.638057780489813
5514.930000000001,6259.279997674919,Raíces de achicoria,2002,744.3499976749181,13.496998106502131
4948.159999999996,6092.161766403563,Raíces de achicoria,2003,1144.0017664035668,23.119740800692938
4531.460000000002,5015.200614587378,Raíces de achicoria,2004,483.7406145873765,10.675160204158843
4693.079999999998,4618.173346611002,Raíces de achicoria,2005,74.90665338899635,1.5961085979569147
4000.0000000000014,5015.200614587378,Raíces de achicoria,2006,1015.200614587377,25.380015364684418
1599.9999999999995,4226.224047934931,Raíces de achicoria,2007,2626.2240479349316,164.13900299593328
999.9999999999999,1466.1323651466328,Raíces de achicoria,2008,466.1323651466329,46.61323651466329
800.0000000000003,973.4304346162302,Raíces de achicoria,2009,173.43043461622983,21.67880432702872
274.9999999999999,689.8745425890132,Raíces de achicoria,2010,414.87454258901334,150.86347003236855
299.9999999999999,270.1770501940209,Raíces de achicoria,2011,29.822949805978965,9.940983268659659
539.9999999999998,255.45775690562562,Raíces de achicoria,2012,284.54224309437416,52.693007980439674
270.00000000000006,378.10942267225937,Raíces de achicoria,2013,108.10942267225931,40.04052691565158
369.99999999999994,312.1359120588022,Raíces de achicoria,2014,57.86408794119774,15.6389426868102
393.33,318.46729958649524,Raíces de achicoria,2015,74.86270041350474,19.033051232681146
5480.000000000005,311.7050071689914,Raíces de achicoria,2016,5168.294992831014,94.31195242392353
2395.0,4205.313556335858,Raíces de achicoria,2017,1810.3135563358583,75.5872048574471
2250.0000000000005,2203.374302575122,"Raíces y tubérculos comestibles con alto contenido en almidón o inulina, frescos n.c.p.",1963,46.62569742487858,2.072253218883492
1800.0,2255.8114039983216,"Raíces y tubérculos comestibles con alto contenido en almidón o inulina, frescos n.c.p.",1964,455.81140399832157,25.322855777684534
1800.0,1542.7689070140116,"Raíces y tubérculos comestibles con alto contenido en almidón o inulina, frescos n.c.p.",1965,257.2310929859884,14.290616276999357
2700.0000000000005,1567.4467783608043,"Raíces y tubérculos comestibles con alto contenido en almidón o inulina, frescos n.c.p.",1966,1132.5532216391962,41.94641561626652
2070.000000000001,2938.228402970265,"Raíces y tubérculos comestibles con alto contenido en almidón o inulina, frescos n.c.p.",1967,868.2284029702641,41.943401109674575
2100.0000000000005,2220.3028344693953,"Raíces y tubérculos comestibles con alto contenido en almidón o inulina, frescos n.c.p.",1968,120.30283446939484,5.728706403304515
2200.0,2203.374302575122,"Raíces y tubérculos comestibles con alto contenido en almidón o inulina, frescos n.c.p.",1969,3.374302575121874,0.15337738977826698
3499.9999999999977,2255.8114039983216,"Raíces y tubérculos comestibles con alto contenido en almidón o inulina, frescos n.c.p.",1970,1244.1885960016762,35.54824560004791
5200.000000000001,3171.1446144213032,"Raíces y tubérculos comestibles con alto contenido en almidón o inulina, frescos n.c.p.",1971,2028.8553855786977,39.016449722667254
4399.999999999996,4968.451554997601,"Raíces y tubérculos comestibles con alto contenido en almidón o inulina, frescos n.c.p.",1972,568.451554997605,12.91935352267285
5829.999999999998,4667.775839419472,"Raíces y tubérculos comestibles con alto contenido en almidón o inulina, frescos n.c.p.",1973,1162.2241605805266,19.935234315274904
6540.999999999998,6934.233055918787,"Raíces y tubérculos comestibles con alto contenido en almidón o inulina, frescos n.c.p.",1974,393.2330559187885,6.011818619764388
6481.999999999999,7111.934909354385,"Raíces y tubérculos comestibles con alto contenido en almidón o inulina, frescos n.c.p.",1975,629.934909354386,9.718218286861866
7166.9999999999945,7057.727286869787,"Raíces y tubérculos comestibles con alto contenido en almidón o inulina, frescos n.c.p.",1976,109.2727131302072,1.5246646174160357
7470.0000000000055,7405.320902957316,"Raíces y tubérculos comestibles con alto contenido en almidón o inulina, frescos n.c.p.",1977,64.67909704268914,0.8658513660333211
7971.000000000002,7474.954326195721,"Raíces y tubérculos comestibles con alto contenido en almidón o inulina, frescos n.c.p.",1978,496.04567380428125,6.223129767962378
7490.0000000000055,8682.732178723114,"Raíces y tubérculos comestibles con alto contenido en almidón o inulina, frescos n.c.p.",1979,1192.7321787231085,15.924328153846565
10180.0,7474.954326195721,"Raíces y tubérculos comestibles con alto contenido en almidón o inulina, frescos n.c.p.",1980,2705.0456738042794,26.5721578959163
12160.00000000001,10091.777923877455,"Raíces y tubérculos comestibles con alto contenido en almidón o inulina, frescos n.c.p.",1981,2068.2220761225544,17.008405231270995
11784.999999999995,12624.851798352349,"Raíces y tubérculos comestibles con alto contenido en almidón o inulina, frescos n.c.p.",1982,839.8517983523543,7.126447164636018
7391.000000000001,12624.851798352349,"Raíces y tubérculos comestibles con alto contenido en almidón o inulina, frescos n.c.p.",1983,5233.851798352348,70.81385195984775
6093.999999999999,8464.282990514874,"Raíces y tubérculos comestibles con alto contenido en almidón o inulina, frescos n.c.p.",1984,2370.2829905148747,38.89535593230842
6395.000000000001,6815.640600220835,"Raíces y tubérculos comestibles con alto contenido en almidón o inulina, frescos n.c.p.",1985,420.64060022083413,6.577648166080283
6718.999999999995,7111.934909354385,"Raíces y tubérculos comestibles con alto contenido en almidón o inulina, frescos n.c.p.",1986,392.9349093543897,5.848115930263282
6799.999999999996,7036.3649280951795,"Raíces y tubérculos comestibles con alto contenido en almidón o inulina, frescos n.c.p.",1987,236.36492809518313,3.4759548249291656
6516.000000000002,7057.727286869787,"Raíces y tubérculos comestibles con alto contenido en almidón o inulina, frescos n.c.p.",1988,541.7272868697855,8.313801210401863
6907.0,7036.3649280951795,"Raíces y tubérculos comestibles con alto contenido en almidón o inulina, frescos n.c.p.",1989,129.3649280951795,1.872953932172861
7399.999999999995,7348.877388061756,"Raíces y tubérculos comestibles con alto contenido en almidón o inulina, frescos n.c.p.",1990,51.12261193823906,0.6908461072735013
7321.999999999997,7474.954326195721,"Raíces y tubérculos comestibles con alto contenido en almidón o inulina, frescos n.c.p.",1991,152.9543261957233,2.0889692187342717
6508.999999999999,7532.366051193277,"Raíces y tubérculos comestibles con alto contenido en almidón o inulina, frescos n.c.p.",1992,1023.3660511932776,15.722323723971082
6204.0,7157.081149036052,"Raíces y tubérculos comestibles con alto contenido en almidón o inulina, frescos n.c.p.",1993,953.081149036052,15.362365393875757
7453.999999999998,6967.082317391142,"Raíces y tubérculos comestibles con alto contenido en almidón o inulina, frescos n.c.p.",1994,486.917682608856,6.532300544792811
8820.000000000004,7326.633899776663,"Raíces y tubérculos comestibles con alto contenido en almidón o inulina, frescos n.c.p.",1995,1493.3661002233403,16.931588437906345
6074.999999999997,9123.321026664924,"Raíces y tubérculos comestibles con alto contenido en almidón o inulina, frescos n.c.p.",1996,3048.3210266649266,50.17812389571898
6299.999999999997,6787.561803588867,"Raíces y tubérculos comestibles con alto contenido en almidón o inulina, frescos n.c.p.",1997,487.56180358887013,7.739076247442386
6120.000000000001,7057.727286869787,"Raíces y tubérculos comestibles con alto contenido en almidón o inulina, frescos n.c.p.",1998,937.7272868697864,15.322341288721999
8117.999999999998,6967.082317391142,"Raíces y tubérculos comestibles con alto contenido en almidón o inulina, frescos n.c.p.",1999,1150.917682608856,14.177355045686824
6000.000000000005,8969.445493535677,"Raíces y tubérculos comestibles con alto contenido en almidón o inulina, frescos n.c.p.",2000,2969.4454935356725,49.490758225594504
7714.9999999999945,6385.995853223617,"Raíces y tubérculos comestibles con alto contenido en almidón o inulina, frescos n.c.p.",2001,1329.0041467763776,17.22623651038728
8000.0000000000055,7376.649269268573,"Raíces y tubérculos comestibles con alto contenido en almidón o inulina, frescos n.c.p.",2002,623.3507307314321,7.7918841341428955
6999.999999999998,8590.47357009406,"Raíces y tubérculos comestibles con alto contenido en almidón o inulina, frescos n.c.p.",2003,1590.4735700940619,22.72105100134375
7364.879999999996,7474.954326195721,"Raíces y tubérculos comestibles con alto contenido en almidón o inulina, frescos n.c.p.",2004,110.074326195725,1.494584109934243
8000.0000000000055,7452.329281763724,"Raíces y tubérculos comestibles con alto contenido en almidón o inulina, frescos n.c.p.",2005,547.6707182362816,6.845883977953515
9500.000000000005,8616.553522275335,"Raíces y tubérculos comestibles con alto contenido en almidón o inulina, frescos n.c.p.",2006,883.4464777246703,9.299436607628103
10000.00000000001,9118.50105673219,"Raíces y tubérculos comestibles con alto contenido en almidón o inulina, frescos n.c.p.",2007,881.4989432678194,8.814989432678185
8182.949999999996,9585.375898233828,"Raíces y tubérculos comestibles con alto contenido en almidón o inulina, frescos n.c.p.",2008,1402.4258982338315,17.13839016777363
8025.999999999998,10237.641585592233,"Raíces y tubérculos comestibles con alto contenido en almidón o inulina, frescos n.c.p.",2009,2211.641585592235,27.555962940346816
6498.999999999995,8616.553522275335,"Raíces y tubérculos comestibles con alto contenido en almidón o inulina, frescos n.c.p.",2010,2117.5535222753397,32.58275922873274
5731.000000000002,7178.809949404637,"Raíces y tubérculos comestibles con alto contenido en almidón o inulina, frescos n.c.p.",2011,1447.8099494046355,25.26278048167222
6971.999999999995,6063.617303809982,"Raíces y tubérculos comestibles con alto contenido en almidón o inulina, frescos n.c.p.",2012,908.3826961900131,13.029011706684074
6880.0,7348.877388061756,"Raíces y tubérculos comestibles con alto contenido en almidón o inulina, frescos n.c.p.",2013,468.8773880617564,6.81507831485111
7121.569999999999,7157.081149036052,"Raíces y tubérculos comestibles con alto contenido en almidón o inulina, frescos n.c.p.",2014,35.51114903605321,0.4986421398098062
6978.220000000005,7474.954326195721,"Raíces y tubérculos comestibles con alto contenido en almidón o inulina, frescos n.c.p.",2015,496.73432619571577,7.1183529065537545
8748.000000000004,7474.954326195721,"Raíces y tubérculos comestibles con alto contenido en almidón o inulina, frescos n.c.p.",2016,1273.045673804283,14.552419682262032
8358.999999999995,9095.707405763476,"Raíces y tubérculos comestibles con alto contenido en almidón o inulina, frescos n.c.p.",2017,736.7074057634818,8.813343770349112
841594.9999999998,799468.0341207733,Repollos,1963,42126.96587922645,5.005610285140294
812836.0000000003,794918.4530267954,Repollos,1964,17917.54697320494,2.204324977388419
761653.0000000005,806443.042764824,Repollos,1965,44790.042764823535,5.880636295639025
757600.0,740774.3081702607,Repollos,1966,16825.691829739255,2.2209202520775153
748428.0000000002,738225.6762332806,Repollos,1967,10202.323766719666,1.363167033665184
769999.9999999997,742450.7862321271,Repollos,1968,27549.21376787254,3.577819969853578
764599.9999999997,738225.6762332806,Repollos,1969,26374.323766719084,3.44942764409091
675900.0000000003,738225.6762332806,Repollos,1970,62325.67623328022,9.221138664488857
712000.0000000002,676760.110921618,Repollos,1971,35239.889078382286,4.949422623368297
627299.9999999997,724913.9946565634,Repollos,1972,97613.99465656374,15.560974757940985
552800.0,643374.2960961945,Repollos,1973,90574.29609619454,16.38464111725661
583200.0000000001,561696.1596274722,Repollos,1974,21503.84037252795,3.6872154273881934
545800.0000000005,576116.5109408298,Repollos,1975,30316.510940829292,5.554509150023684
543999.9999999997,528071.9616703497,Repollos,1976,15928.03832964995,2.927948222362125
551200.0000000001,526879.557326092,Repollos,1977,24320.44267390808,4.412271892944135
563199.9999999999,526879.557326092,Repollos,1978,36320.44267390785,6.448942236134207
561099.9999999995,577420.3453930538,Repollos,1979,16320.345393054304,2.9086340033958864
557999.9999999995,576116.5109408298,Repollos,1980,18116.510940830223,3.2466865485358847
559899.9999999999,575433.731549785,Repollos,1981,15533.731549785123,2.7743760581863057
554525.0,576116.5109408298,Repollos,1982,21591.510940829758,3.8936947731535563
516300.00000000047,526879.557326092,Repollos,1983,10579.55732609157,2.0491104640890105
525700.0,528071.9616703497,Repollos,1984,2371.9616703497013,0.45120062209429357
546424.0000000003,523299.55455672106,Repollos,1985,23124.445443279285,4.231960060919591
505799.99999999994,525106.1819097012,Repollos,1986,19306.181909701263,3.8169596500002503
509499.9999999998,516174.24997836427,Repollos,1987,6674.249978364445,1.3099607415828158
538400.0000000001,493771.56795527006,Repollos,1988,44628.432044730056,8.289084703701716
504299.9999999997,500550.1092590088,Repollos,1989,3749.8907409909298,0.7435833315468832
487399.99999999994,517956.27814061654,Repollos,1990,30556.278140616603,6.2692404884318025
462500.00000000006,494889.04429201933,Repollos,1991,32389.044292019273,7.003036603679842
447899.99999999977,486722.4667227175,Repollos,1992,38822.46672271774,8.667663925590034
420000.0,459481.49829746917,Repollos,1993,39481.49829746917,9.40035673749266
408300.00000000023,436196.1743217654,Repollos,1994,27896.17432176514,6.832273897076934
444999.9999999997,395872.5531175702,Repollos,1995,49127.44688242953,11.039875703916756
354199.99999999977,432494.7437151867,Repollos,1996,78294.74371518695,22.104670727043196
367355.99999999977,386130.1179188732,Repollos,1997,18774.11791887344,5.110606038522156
332800.00000000023,351188.69210107886,Repollos,1998,18388.692101078632,5.525448347679873
325734.99999999977,346377.70582905976,Repollos,1999,20642.705829059996,6.337269814131122
308710.00000000006,297824.15828009316,Repollos,2000,10885.841719906894,3.526235534937933
288643.9999999998,281460.3534400768,Repollos,2001,7183.646559923014,2.4887565859408194
269884.9999999999,281863.277095821,Repollos,2002,11978.277095821104,4.4382893068607405
268579.0,281863.277095821,Repollos,2003,13284.277095820988,4.946133947859285
242374.00000000015,274722.24097087106,Repollos,2004,32348.240970870916,13.346415445085238
282003.00000000006,266695.4469618962,Repollos,2005,15307.553038103855,5.428152550896215
259159.0000000001,262072.97752985792,Repollos,2006,2913.9775298578315,1.1243975821244219
254529.9999999999,274745.0138575953,Repollos,2007,20215.01385759536,7.942094785524444
251899.99999999994,251486.66423328256,Repollos,2008,413.3357667173841,0.16408724363532523
199999.99999999997,254394.67863798773,Repollos,2009,54394.67863798776,27.197339318993883
193600.00000000006,204221.4270761047,Repollos,2010,10621.42707610465,5.486274316169756
213126.9999999999,196019.6002405691,Repollos,2011,17107.399759430817,8.026857113097273
215884.99999999985,197516.48067934558,Repollos,2012,18368.519320654275,8.50847410457155
181899.99999999988,201125.11543176402,Repollos,2013,19225.115431764134,10.569057411635045
150499.99999999988,194525.7388346159,Repollos,2014,44025.73883461603,29.252982614362832
165771.00000000012,156872.75526000973,Repollos,2015,8898.24473999039,5.3677933655406465
229617.9999999999,161675.32936179845,Repollos,2016,67942.67063820147,29.589435775157654
217329.0000000001,220341.135702488,Repollos,2017,3012.1357024879253,1.3859796449106765
213309.99999999983,224940.58207855874,Repollos,2018,11630.582078558917,5.452431709042673
284110.0000000002,201070.23827506424,Repollos,2019,83039.76172493593,29.2280320034268
286610.00000000006,255422.62233393497,Repollos,2020,31187.37766606509,10.881468778502175
292150.0000000002,275595.47048296395,Repollos,2021,16554.529517036222,5.66644857677091
304859.9999999998,274216.1672442277,Repollos,2022,30643.832755772106,10.051772208808018
264749.99999999994,280236.02706715045,Repollos,2023,15486.027067150513,5.849302008366578
301784.99999999977,282836.37698726036,Sandías,1963,18948.62301273941,6.278848522206015
274815.9999999999,281226.81923318584,Sandías,1964,6410.819233185961,2.3327678276322934
206399.99999999983,281226.81923318584,Sandías,1965,74826.81923318602,36.25330389204752
210999.99999999994,215398.14111113353,Sandías,1966,4398.141111133591,2.0844270668879585
209875.99999999988,195870.81877739378,Sandías,1967,14005.181222606101,6.673074206963212
209695.00000000015,196991.85653808707,Sandías,1968,12703.143461913074,6.057914333633642
208100.00000000017,195870.81877739378,Sandías,1969,12229.181222606392,5.876588766269284
204899.99999999985,195870.81877739378,Sandías,1970,9029.181222606072,4.4066282199151185
238199.99999999983,196547.04084977618,Sandías,1971,41652.95915022364,17.486548761638822
233600.00000000012,223450.8993161802,Sandías,1972,10149.10068381991,4.344649265333864
360600.0000000002,232258.3875853629,Sandías,1973,128341.61241463726,35.59112934404803
417399.99999999994,295163.11253746715,Sandías,1974,122236.88746253279,29.28531084392257
527900.0000000001,407088.6123971728,Sandías,1975,120811.38760282734,22.88527895488299
517600.00000000006,471151.27471903444,Sandías,1976,46448.72528096562,8.973865007914531
449300.00000000035,525106.1819097012,Sandías,1977,75806.18190970086,16.872063634476028
459799.9999999999,482022.824050632,Sandías,1978,22222.82405063213,4.833150076257533
552099.9999999999,469091.5228754178,Sandías,1979,83008.4771245821,15.035043855204153
527400.0000000002,502278.1971000735,Sandías,1980,25121.802899926726,4.763330090998618
556599.9999999998,526255.1305741661,Sandías,1981,30344.86942583369,5.4518270617739315
552800.0,574177.4137077876,Sandías,1982,21377.413707787637,3.867115359585318
572400.0000000001,526879.557326092,Sandías,1983,45520.44267390808,7.952558119131389
558325.0,577420.3453930538,Sandías,1984,19095.345393053838,3.4201129079037904
568572.0000000005,574134.3829302943,Sandías,1985,5562.382930293796,0.9783075723556192
539600.0000000001,576116.5109408298,Sandías,1986,36516.51094082964,6.767329677692667
629399.9999999997,525066.8286881843,Sandías,1987,104333.17131181539,16.576608088944305
627299.9999999997,604860.6986070991,Sandías,1988,22439.301392900525,3.577124405053489
653700.0000000002,641160.7681761765,Sandías,1989,12539.231823823764,1.9181936398690165
815700.0,643374.2960961945,Sandías,1990,172325.70390380546,21.12611301995899
680000.0000000003,799468.0341207733,Sandías,1991,119468.03412077297,17.568828547172487
647999.9999999999,688125.473583891,Sandías,1992,40125.47358389117,6.192202713563454
604000.0000000002,641160.7681761765,Sandías,1993,37160.768176176236,6.152445062280831
584899.9999999999,619281.0363522758,Sandías,1994,34381.03635227587,5.878105035437832
729999.9999999998,591368.0089340139,Sandías,1995,138631.99106598587,18.990683707669305
651400.0000000005,698006.2926006389,Sandías,1996,46606.292600638466,7.154788547841331
673437.0000000006,644830.3443169651,Sandías,1997,28606.655683035497,4.247859218165244
757400.0,678291.7159077328,Sandías,1998,79108.28409226716,10.444716674447738
703600.0000000002,742450.7862321271,Sandías,1999,38850.78623212688,5.521714927817917
717422.0000000002,724913.9946565634,Sandías,2000,7491.994656563154,1.0442939659730468
664595.9999999999,723019.8350957009,Sandías,2001,58423.83509570104,8.790879736817715
622545.9999999997,675958.054864611,Sandías,2002,53412.05486461136,8.579615781743259
733046.9999999999,642611.8068738753,Sandías,2003,90435.19312612456,12.336888784228647
816207.9999999999,718958.1394754184,Sandías,2004,97249.86052458151,11.914837948731392
719620.9999999999,794918.4530267954,Sandías,2005,75297.45302679553,10.463487450587953
730902.0000000005,737088.0420133505,Sandías,2006,6186.042013350059,0.8463572426057194
790947.0000000003,738225.6762332806,Sandías,2007,52721.32376671978,6.66559501037614
723164.0,790329.2489032489,Sandías,2008,67165.24890324892,9.287692543219647
851975.9999999994,726554.5786121241,Sandías,2009,125421.42138787534,14.721238789340946
782429.9999999993,797379.0693100637,Sandías,2010,14949.069310064428,1.9105951088358628
766300.9999999999,753214.7098020077,Sandías,2011,13086.290197992232,1.7077219262394587
871324.0000000005,736296.7340439507,Sandías,2012,135027.26595604979,15.496791773903821
869499.9999999995,794852.5644979521,Sandías,2013,74647.43550204742,8.585098965157844
858575.0,815884.4703507865,Sandías,2014,42690.52964921354,4.972253984708795
1039698.0,818409.9854403757,Sandías,2015,221288.01455962425,21.28387421728466
1092075.0000000005,874547.7187466717,Sandías,2016,217527.28125332878,19.918712657402533
1113192.0000000005,999976.8648564429,Sandías,2017,113215.13514355756,10.170315196619946
1092400.0000000005,997222.6483805934,Sandías,2018,95177.35161940707,8.712683231362782
1200089.9999999998,1010756.1908041481,Sandías,2019,189333.80919585167,15.776634185423735
1234850.0000000002,1045363.4096613365,Sandías,2020,189486.59033866378,15.344907506066626
1382279.999999999,1202846.398681334,Sandías,2021,179433.60131866508,12.98098802837813
1164989.9999999993,1266508.9731817339,Sandías,2022,101518.97318173456,8.714149750790533
1168930.0000000005,1205171.4760243532,Sandías,2023,36241.47602435271,3.1003974595872035
200.0,154.90254661004695,Semilla de adormidera,1986,45.097453389953046,22.548726694976523
299.9999999999999,263.34553678767907,Semilla de adormidera,1987,36.65446321232082,12.218154404106944
1499.9999999999998,310.40997114533457,Semilla de adormidera,1988,1189.5900288546652,79.30600192364436
999.9999999999999,1121.7762626051804,Semilla de adormidera,1989,121.77626260518048,12.177626260518048
1299.9999999999995,966.1306921097513,Semilla de adormidera,1990,333.86930789024825,25.682254453096025
299.9999999999999,1264.4404340625977,Semilla de adormidera,1991,964.4404340625978,321.4801446875327
1700.0,363.47746072694946,Semilla de adormidera,1992,1336.5225392730506,78.61897289841474
984.6299999999999,1218.3409835195575,Semilla de adormidera,1993,233.71098351955766,23.735919433650984
800.0000000000003,898.8442374561536,Semilla de adormidera,1994,98.84423745615322,12.355529682019148
299.9999999999999,674.9043438609241,Semilla de adormidera,1995,374.9043438609242,124.96811462030813
600.0,347.91317467081467,Semilla de adormidera,1996,252.08682532918533,42.01447088819755
299.9999999999999,555.0210034873859,Semilla de adormidera,1997,255.021003487386,85.00700116246203
899.9999999999998,359.74910109887355,Semilla de adormidera,1998,540.2508989011262,60.027877655680705
349.9999999999999,824.7659172211081,Semilla de adormidera,1999,474.7659172211082,135.6474049203167
2100.0000000000005,402.17500116515055,Semilla de adormidera,2000,1697.8249988348498,80.84880946832617
200.0,1794.2038305036274,Semilla de adormidera,2001,1594.2038305036274,797.1019152518137
100.00000000000003,274.0691926902619,Semilla de adormidera,2002,174.06919269026187,174.06919269026181
1617.16,179.90335632903646,Semilla de adormidera,2003,1437.2566436709635,88.87535207839443
2577.130000000001,1102.5940974934429,Semilla de adormidera,2004,1474.5359025065582,57.21620184106187
3850.0000000000023,2714.9643993251752,Semilla de adormidera,2005,1135.035600674827,29.48144417337211
4448.129999999999,3786.2450390802205,Semilla de adormidera,2006,661.8849609197787,14.880072320723064
5500.000000000004,4351.446293919146,Semilla de adormidera,2007,1148.5537060808574,20.882794656015573
6500.000000000003,4821.437476898574,Semilla de adormidera,2008,1678.5625231014292,25.824038816945055
6999.999999999998,6770.710293195765,Semilla de adormidera,2009,229.289706804233,3.275567240060472
7850.1799999999985,7050.021854186947,Semilla de adormidera,2010,800.1581458130513,10.192863677177485
8000.0000000000055,7724.555379317287,Semilla de adormidera,2011,275.4446206827188,3.4430577585339823
10999.999999999993,8432.373018997958,Semilla de adormidera,2012,2567.626981002035,23.342063463654878
11999.999999999998,10033.249689636752,Semilla de adormidera,2013,1966.7503103632462,16.38958591969372
10999.999999999993,12496.328618705771,Semilla de adormidera,2014,1496.3286187057784,13.602987442779813
11999.999999999998,11434.05448943746,Semilla de adormidera,2015,565.9455105625384,4.716212588021154
11799.999999999998,12631.977152354377,Semilla de adormidera,2016,831.9771523543786,7.050653833511684
11899.999999999998,12524.61182014366,Semilla de adormidera,2017,624.611820143662,5.248838824736657
20000.000000000015,23381.719834870226,"Semilla de cartamo, alazor",1963,3381.7198348702113,16.908599174351043
20000.000000000015,23130.644287114235,"Semilla de cartamo, alazor",1964,3130.644287114221,15.653221435571094
20000.000000000015,23130.644287114235,"Semilla de cartamo, alazor",1965,3130.644287114221,15.653221435571094
29999.99999999999,23328.92096286688,"Semilla de cartamo, alazor",1966,6671.0790371331095,22.23693012377704
55823.99999999996,26881.769170075113,"Semilla de cartamo, alazor",1967,28942.23082992485,51.84549804730021
39007.99999999997,51633.374327621495,"Semilla de cartamo, alazor",1968,12625.374327621525,32.366115483033056
5388.000000000004,39093.117505103604,"Semilla de cartamo, alazor",1969,33705.1175051036,625.5589737398584
8414.999999999998,6574.7104141112095,"Semilla de cartamo, alazor",1970,1840.2895858887887,21.869157289231005
13399.999999999989,8738.28534133333,"Semilla de cartamo, alazor",1971,4661.714658666659,34.788915363184046
7799.999999999997,12635.578930490785,"Semilla de cartamo, alazor",1972,4835.578930490788,61.99460167295884
19700.00000000001,8982.98669224114,"Semilla de cartamo, alazor",1973,10717.01330775887,54.40108278050185
16499.999999999993,17120.196431778357,"Semilla de cartamo, alazor",1974,620.1964317783641,3.758766253202208
16199.999999999996,17938.463789604124,"Semilla de cartamo, alazor",1975,1738.4637896041277,10.73125796051931
20000.000000000015,17833.10208534311,"Semilla de cartamo, alazor",1976,2166.8979146569036,10.83448957328451
13300.000000000011,19490.934535006745,"Semilla de cartamo, alazor",1977,6190.934535006734,46.54837996245661
14800.00000000001,16685.872347092383,"Semilla de cartamo, alazor",1978,1885.8723470923742,12.742380723597115
14459.999999999996,15052.732121445812,"Semilla de cartamo, alazor",1979,592.7321214458152,4.099115639320992
19500.0,14512.228932531043,"Semilla de cartamo, alazor",1980,4987.771067468957,25.57831316650747
4399.999999999996,18704.884474011003,"Semilla de cartamo, alazor",1981,14304.884474011007,325.1110107729777
12999.999999999995,7677.88048716584,"Semilla de cartamo, alazor",1982,5322.119512834154,40.93938086795505
12800.0,11536.438517242119,"Semilla de cartamo, alazor",1983,1263.561482757881,9.871574084045946
14365.999999999995,13609.393723016232,"Semilla de cartamo, alazor",1984,756.6062769837627,5.266645391784511
16435.99999999999,13288.911346114151,"Semilla de cartamo, alazor",1985,3147.0886538858376,19.147533790982234
12900.0,15070.852475239039,"Semilla de cartamo, alazor",1986,2170.8524752390385,16.828313761542933
10899.000000000002,13697.157663321826,"Semilla de cartamo, alazor",1987,2798.1576633218247,25.673526592548164
6425.999999999997,11122.80514359012,"Semilla de cartamo, alazor",1988,4696.8051435901225,73.0906496045771
5637.999999999995,7850.407067266965,"Semilla de cartamo, alazor",1989,2212.4070672669695,39.240990905763944
1425.0000000000002,5789.534199235405,"Semilla de cartamo, alazor",1990,4364.534199235405,306.2831017007301
323.99999999999994,1170.036569749732,"Semilla de cartamo, alazor",1991,846.036569749732,261.122398070905
629.9999999999998,369.1522976305461,"Semilla de cartamo, alazor",1992,260.84770236945366,41.4043972015006
301.9999999999999,545.4098436869425,"Semilla de cartamo, alazor",1993,243.40984368694262,80.59928598905388
398.0000000000001,353.34567893547853,"Semilla de cartamo, alazor",1994,44.65432106452158,11.21967865942753
47.99999999999999,336.13193362545536,"Semilla de cartamo, alazor",1995,288.13193362545536,600.2748617196987
634.0,73.74484336782335,"Semilla de cartamo, alazor",1996,560.2551566321766,88.36832123535909
252.00000000000003,495.5823014215874,"Semilla de cartamo, alazor",1997,243.58230142158735,96.6596434212648
292.0000000000001,376.24556867875714,"Semilla de cartamo, alazor",1998,84.24556867875702,28.851222150259243
249.9999999999999,318.52710616156156,"Semilla de cartamo, alazor",1999,68.52710616156168,27.410842464624686
210.99999999999997,307.70355576270924,"Semilla de cartamo, alazor",2000,96.70355576270927,45.831069081852746
16.999999999999996,304.8823357193278,"Semilla de cartamo, alazor",2001,287.8823357193278,1693.4255042313403
42.99999999999999,57.879247969900256,"Semilla de cartamo, alazor",2002,14.879247969900263,34.602902255582016
107.99999999999997,43.16833827962756,"Semilla de cartamo, alazor",2003,64.83166172037241,60.02931640775224
89.99999999999997,160.56476905966446,"Semilla de cartamo, alazor",2004,70.56476905966448,78.40529895518279
17.999999999999996,106.40196730896503,"Semilla de cartamo, alazor",2005,88.40196730896503,491.1220406053614
67.00000000000001,62.92507722938477,"Semilla de cartamo, alazor",2006,4.074922770615245,6.081974284500364
23.999999999999996,61.96160776197745,"Semilla de cartamo, alazor",2007,37.96160776197745,158.17336567490605
1381.0500000000004,59.61096233653882,"Semilla de cartamo, alazor",2008,1321.4390376634615,95.6836492280121
1911.1699999999998,772.7658713734288,"Semilla de cartamo, alazor",2009,1138.404128626571,59.56582243476881
3517.0000000000027,1834.334361811559,"Semilla de cartamo, alazor",2010,1682.6656381884438,47.84377703123237
5423.999999999997,3524.898676881941,"Semilla de cartamo, alazor",2011,1899.1013231180564,35.012929998489255
1965.9999999999995,4956.840723542802,"Semilla de cartamo, alazor",2012,2990.8407235428026,152.1282158465312
4195.999999999999,2069.471460538817,"Semilla de cartamo, alazor",2013,2126.528539461182,50.67989846189662
3862.0000000000014,4278.022340579129,"Semilla de cartamo, alazor",2014,416.022340579128,10.772199393555875
3341.3300000000027,3986.299895830725,"Semilla de cartamo, alazor",2015,644.9698958307222,19.302789482952047
4455.999999999997,3158.244052303544,"Semilla de cartamo, alazor",2016,1297.7559476964534,29.12378697702994
5033.999999999998,4287.706366222393,"Semilla de cartamo, alazor",2017,746.2936337776055,14.825062252236904
1905.999999999999,1439.2209940368887,Semilla de girasol,1963,466.7790059631104,24.489979326501082
10900.000000000004,1862.0637642258353,Semilla de girasol,1964,9037.936235774168,82.91684619976299
8800.000000000004,9225.576464321357,Semilla de girasol,1965,425.57646432135334,4.8360961854699225
32600.0,9951.773016049367,Semilla de girasol,1966,22648.226983950633,69.47308890782404
20587.00000000001,23082.349759064266,Semilla de girasol,1967,2495.3497590642546,12.120997518163177
30514.000000000025,22592.371739008297,Semilla de girasol,1968,7921.628260991729,25.960635318187464
55099.99999999999,26734.794765591218,Semilla de girasol,1969,28365.205234408775,51.4795013328653
158499.99999999997,51078.9422979475,Semilla de girasol,1970,107421.05770205247,67.77353798236749
223100.00000000017,116874.77001189296,Semilla de girasol,1971,106225.22998810721,47.61328103456169
242900.00000000017,185732.5515166211,Semilla de girasol,1972,57167.44848337906,23.535384307690006
293200.00000000023,240152.38026472382,Semilla de girasol,1973,53047.619735276414,18.092639746001492
285600.0000000001,247960.7157898489,Semilla de girasol,1974,37639.28421015121,13.179021081985711
415799.99999999977,271760.21463024494,Semilla de girasol,1975,144039.78536975483,34.64160302302908
311899.99999999977,327615.2975805324,Semilla de girasol,1976,15715.297580532613,5.038569278785709
388299.99999999994,321054.71393496334,Semilla de girasol,1977,67245.2860650366,17.317869190068663
470100.0000000003,302883.43439224054,Semilla de girasol,1978,167216.56560775975,35.57042450707502
503900.00000000035,431043.27729687304,Semilla de girasol,1979,72856.7227031273,14.458567712468199
669999.9999999998,475681.41588957544,Semilla de girasol,1980,194318.58411042433,29.00277374782454
369999.99999999977,580663.4688477754,Semilla de girasol,1981,210663.4688477756,56.93607266156101
765000.0000000003,458393.7770501339,Semilla de girasol,1982,306606.22294986644,40.079244830047884
749999.9999999998,587963.1112424161,Semilla de girasol,1983,162036.88875758369,21.604918501011163
1100074.9999999993,725195.3197373785,Semilla de girasol,1984,374879.6802626208,34.07764745700257
915344.0,839854.0909690344,Semilla de girasol,1985,75489.90903096565,8.247162709425707
872000.0000000001,956403.0277657288,Semilla de girasol,1986,84403.02776572865,9.679246303409247
1005999.9999999992,846265.1421368251,Semilla de girasol,1987,159734.85786317405,15.87821648739306
1135599.9999999998,845683.5509453517,Semilla de girasol,1988,289916.44905464805,25.529803544791136
926799.9999999998,1036006.6371805845,Semilla de girasol,1989,109206.63718058472,11.783193480857223
1312299.999999999,999210.0520756908,Semilla de girasol,1990,313089.94792430825,23.85810774398449
1025499.9999999997,1038716.5019504264,Semilla de girasol,1991,13216.501950426726,1.2887861482619922
1343099.9999999993,1082320.8672498763,Semilla de girasol,1992,260779.13275012304,19.4162112091522
1309214.9999999988,1175965.1534465144,Semilla de girasol,1993,133249.84655348444,10.177842948139501
978573.9999999999,1318802.3099712452,Semilla de girasol,1994,340228.30997124535,34.76776513286122
587500.0000000002,1019969.9583620282,Semilla de girasol,1995,432469.958362028,73.61190780630261
1177699.9999999995,700790.0320503976,Semilla de girasol,1996,476909.96794960194,40.49502996939816
1284291.0000000005,861436.7773136538,Semilla de girasol,1997,422854.2226863466,32.92510986110987
1190200.0000000007,1149861.341219489,Semilla de girasol,1998,40338.6587805117,3.389233639767407
643600.0000000005,1138929.4707522464,Semilla de girasol,1999,495329.470752246,76.96231677318919
918999.0000000005,790907.8921557833,Semilla de girasol,2000,128091.10784421721,13.93811177642382
871001.9999999994,795071.390589757,Semilla de girasol,2001,75930.60941024241,8.717615965318387
771107.0000000002,872411.8643789166,Semilla de girasol,2002,101304.86437891633,13.137588477204371
762523.9999999998,759080.2075889576,Semilla de girasol,2003,3443.7924110421445,0.4516306911050859
820871.9999999993,741607.0022179399,Semilla de girasol,2004,79264.99778205936,9.656194605499936
381275.0,776682.6938942614,Semilla de girasol,2005,395407.6938942614,103.70669304157403
662083.0,469454.09790515545,Semilla de girasol,2006,192628.90209484455,29.094373680466735
733154.0000000005,532588.9322060588,Semilla de girasol,2007,200565.0677939417,27.356471872750003
872686.9999999998,733643.8723215016,Semilla de girasol,2008,139043.12767849816,15.932760276994868
869539.9999999993,803196.4453295667,Semilla de girasol,2009,66343.55467043258,7.629730049271181
886999.9999999995,822226.7345091765,Semilla de girasol,2010,64773.265490823076,7.302510201896631
1090171.0000000005,824380.7948749758,Semilla de girasol,2011,265790.20512502466,24.380597642482194
642016.9999999999,903058.0511447917,Semilla de girasol,2012,261041.05114479177,40.659523212748546
1029400.0000000003,751305.9515761839,Semilla de girasol,2013,278094.04842381645,27.01515916298974
952985.9999999999,833988.2854944615,Semilla de girasol,2014,118997.71450553834,12.486827141798344
769195.0000000002,988202.218410973,Semilla de girasol,2015,219007.21841097274,28.472262353625894
772179.6799999997,818746.6153547448,Semilla de girasol,2016,46566.93535474513,6.0305828501917
841739.9999999993,737641.4388863358,Semilla de girasol,2017,104098.56111366348,12.367068348143556
960789.9999999994,798559.4509597683,Semilla de girasol,2018,162230.54904023116,16.885120477964097
782290.0000000001,854754.3528104333,Semilla de girasol,2019,72464.35281043313,9.263106112877976
892799.9999999998,853847.9081638248,Semilla de girasol,2020,38952.09183617495,4.362913512116371
768350.0000000001,819636.4014344716,Semilla de girasol,2021,51286.40143447148,6.674874918262702
829250.0000000007,782746.7797156892,Semilla de girasol,2022,46503.22028431145,5.607864972482534
849399.9999999997,791772.6336423906,Semilla de girasol,2023,57627.36635760905,6.784479203862618
1369.9999999999998,434.88472316907496,Sorgo,1963,935.1152768309248,68.25658954970255
50899.999999999985,1274.261624358488,Sorgo,1964,49625.7383756415,97.49653904841162
42800.00000000002,40697.18456651406,Sorgo,1965,2102.8154334859646,4.9131201716961765
39800.00000000001,41974.89324595297,Sorgo,1966,2174.8932459529606,5.464555894354171
44097.99999999996,37029.877781113646,Sorgo,1967,7068.122218886318,16.028214927856872
91127.99999999996,41064.21291495634,Sorgo,1968,50063.787085043616,54.93787538960982
142030.0000000001,75080.60246494073,Sorgo,1969,66949.39753505935,47.137504425163215
189500.0000000001,129670.13464897983,Sorgo,1970,59829.86535102026,31.57248831188403
173099.9999999999,168558.536801968,Sorgo,1971,4541.46319803191,2.623606700191746
177500.00000000015,183149.82050868846,Sorgo,1972,5649.82050868831,3.1829974696835523
164199.99999999994,181288.91612438575,Sorgo,1973,17088.91612438581,10.407378882086368
157300.0000000001,183564.3164148142,Sorgo,1974,26264.316414814122,16.696958941394854
144199.9999999999,164722.0514042003,Sorgo,1975,20522.051404200378,14.231658394036332
158899.9999999999,136048.32741604812,Sorgo,1976,22851.67258395179,14.381165880397608
191999.99999999997,145408.05529061725,Sorgo,1977,46591.94470938272,24.26663786947017
283700.00000000023,168558.536801968,Sorgo,1978,115141.46319803223,40.58564088756861
215399.99999999994,250549.64256278684,Sorgo,1979,35149.6425627869,16.31831131048603
185800.0,216407.6751865558,Sorgo,1980,30607.675186555804,16.473452737651133
143100.0000000001,193740.16708090936,Sorgo,1981,50640.167080909276,35.38795742900716
114499.99999999991,155941.9163303542,Sorgo,1982,41441.91633035429,36.19381338895574
78900.00000000003,120474.09048688218,Sorgo,1983,41574.09048688215,52.69212989465417
95200.00000000007,91432.4109610877,Sorgo,1984,3767.589038912367,3.9575515114625675
98469.0,82677.22564963429,Sorgo,1985,15791.774350365711,16.03730549753294
97283.99999999993,95008.40148087146,Sorgo,1986,2275.598519128471,2.339129270104511
77936.00000000003,95042.55754201076,Sorgo,1987,17106.557542010734,21.949493869342447
98000.00000000003,89651.290144605,Sorgo,1988,8348.709855395035,8.519091689178603
120699.99999999997,83294.29585120668,Sorgo,1989,37405.70414879329,30.990641382595935
88899.99999999996,127412.56642656864,Sorgo,1990,38512.56642656868,43.321222077130145
104000.00000000003,92114.82562212924,Sorgo,1991,11885.17437787079,11.428052286414218
48900.00000000001,98364.74559970862,Sorgo,1992,49464.745599708614,101.15489897690921
22305.000000000004,60962.13641831713,Sorgo,1993,38657.136418317124,173.3115284389918
77800.00000000004,23177.6260946833,Sorgo,1994,54622.373905316745,70.20870681917314
27499.99999999998,68307.44054563233,Sorgo,1995,40807.440545632344,148.39069289320864
43899.99999999997,30283.500985702452,Sorgo,1996,13616.499014297518,31.01708203712421
48576.0,41765.16684857047,Sorgo,1997,6810.833151429528,14.020983925044316
57100.00000000004,48548.954135874104,Sorgo,1998,8551.045864125932,14.975561933670626
46999.99999999999,53837.63361258291,Sorgo,1999,6837.633612582918,14.54815662251685
41586.99999999997,50252.915282070004,Sorgo,2000,8665.915282070033,20.83803900755053
33084.00000000001,41829.75713130529,Sorgo,2001,8745.757131305283,26.43500523305913
28845.99999999998,32936.05455567999,Sorgo,2002,4090.05455568001,14.178931413991583
21314.999999999996,29424.133911397064,Sorgo,2003,8109.133911397068,38.04425949517743
24581.000000000007,24339.898868691864,Sorgo,2004,241.10113130814352,0.9808434616498248
22119.00000000001,23011.882871865462,Sorgo,2005,892.8828718654513,4.036723504070938
20518.999999999985,23261.669359189098,Sorgo,2006,2742.6693591891126,13.366486471997243
25999.999999999985,22010.150216716007,Sorgo,2007,3989.8497832839785,15.345576089553772
22396.99999999999,24578.699422035515,Sorgo,2008,2181.6994220355264,9.74103416544862
32781.99999999999,23261.669359189098,Sorgo,2009,9520.330640810895,29.041335613479646
36561.00000000002,28563.652348414158,Sorgo,2010,7997.347651585864,21.873984988336915
36643.00000000001,37056.778156589855,Sorgo,2011,413.77815658984764,1.129214738394366
27399.99999999999,36986.39285872199,Sorgo,2012,9586.392858722003,34.986835250810245
45100.00000000001,29512.774726241176,Sorgo,2013,15587.225273758831,34.5614751081127
47661.000000000015,42826.805151519475,Sorgo,2014,4834.19484848054,10.142873310422647
50335.000000000015,47077.09077842249,Sorgo,2015,3257.9092215775236,6.472453008001436
36361.0,53621.912905815116,Sorgo,2016,17260.912905815116,47.470952135021356
30137.999999999993,37827.87333454715,Sorgo,2017,7689.8733345471555,25.515539632846103
26180.000000000022,29996.320917965044,Sorgo,2018,3816.320917965022,14.577238036535595
25730.000000000015,26595.335570321324,Sorgo,2019,865.3355703213092,3.363138633195914
21559.999999999985,23718.755785423233,Sorgo,2020,2158.7557854232473,10.012781936100412
16489.999999999996,23352.342404553547,Sorgo,2021,6862.34240455355,41.61517528534598
14969.999999999987,16117.813407092834,Sorgo,2022,1147.8134070928463,7.667424229077137
31380.0,15506.621429176905,Sorgo,2023,15873.378570823095,50.584380404152625
27239.000000000004,25720.946111233847,Tabaco sin elaborar,1963,1518.053888766157,5.573089646338547
27799.999999999975,22907.814665460824,Tabaco sin elaborar,1964,4892.18533453915,17.597788973162427
34300.00000000003,22505.07884562022,Tabaco sin elaborar,1965,11794.921154379808,34.387525231427986
21499.999999999985,27556.501207920268,Tabaco sin elaborar,1966,6056.5012079202825,28.169773060094354
31199.999999999985,19329.879790826653,Tabaco sin elaborar,1967,11870.120209173332,38.045257080683776
26399.999999999996,22939.081418766902,Tabaco sin elaborar,1968,3460.9185812330943,13.109540080428388
19500.0,20953.36897970579,Tabaco sin elaborar,1969,1453.3689797057887,7.45317425490148
26100.000000000015,16412.71166556257,Tabaco sin elaborar,1970,9687.288334437446,37.116047258380995
26599.999999999978,19102.544391398395,Tabaco sin elaborar,1971,7497.455608601584,28.185923340607484
27099.999999999993,21680.17502198698,Tabaco sin elaborar,1972,5419.824978013014,19.99935416240965
25700.00000000002,21145.451627543833,Tabaco sin elaborar,1973,4554.5483724561855,17.721978102942344
23399.999999999993,20263.829775379574,Tabaco sin elaborar,1974,3136.1702246204186,13.402436857352221
25899.99999999999,18395.665070835556,Tabaco sin elaborar,1975,7504.334929164434,28.974266135770026
29099.999999999985,21119.07351671077,Tabaco sin elaborar,1976,7980.926483289215,27.42586420374302
21599.999999999993,22726.59162661567,Tabaco sin elaborar,1977,1126.5916266156783,5.215701975072586
29899.999999999996,19495.577591498535,Tabaco sin elaborar,1978,10404.422408501461,34.79739935953666
34926.99999999997,23975.939510500855,Tabaco sin elaborar,1979,10951.060489499116,31.354140033495938
36799.999999999985,27054.71435145716,Tabaco sin elaborar,1980,9745.285648542824,26.481754479735947
43500.00000000004,31713.542553841886,Tabaco sin elaborar,1981,11786.45744615815,27.095304473926763
42200.000000000015,33328.194168758346,Tabaco sin elaborar,1982,8871.805831241669,21.02323656692338
43149.99999999996,33328.194168758346,Tabaco sin elaborar,1983,9821.805831241618,22.762006561394266
43218.00000000002,35023.513941804886,Tabaco sin elaborar,1984,8194.486058195136,18.960817386725743
42200.000000000015,33880.55726793764,Tabaco sin elaborar,1985,8319.442732062373,19.714319270289977
37699.99999999997,34038.0239733239,Tabaco sin elaborar,1986,3661.9760266760713,9.71346426174025
31899.99999999999,29863.389367925985,Tabaco sin elaborar,1987,2036.6106320740037,6.384359348194371
33699.99999999999,23043.851050544385,Tabaco sin elaborar,1988,10656.148949455608,31.620620028058188
55099.99999999999,26600.667268140234,Tabaco sin elaborar,1989,28499.33273185976,51.72292691807579
43177.99999999997,42235.55284785275,Tabaco sin elaborar,1990,942.4471521472224,2.182702191271534
49137.99999999997,37727.658803466125,Tabaco sin elaborar,1991,11410.341196533846,23.221012651173943
45052.00000000001,40454.49502066989,Tabaco sin elaborar,1992,4597.504979330115,10.204885419804036
44799.999999999985,35788.14296732374,Tabaco sin elaborar,1993,9011.857032676242,20.115752305080903
44032.00000000001,38040.2362808317,Tabaco sin elaborar,1994,5991.76371916831,13.607748272093726
42915.0,36851.30550400753,Tabaco sin elaborar,1995,6063.694495992473,14.12954560408359
44395.99999999998,34848.20875410798,Tabaco sin elaborar,1996,9547.791245891996,21.50597181253266
46085.0,36843.01948539438,Tabaco sin elaborar,1997,9241.980514605617,20.05420530455814
43657.99999999999,39113.80196283221,Tabaco sin elaborar,1998,4544.1980371677855,10.408626224673108
40394.999999999985,36243.03072151777,Tabaco sin elaborar,1999,4151.969278482218,10.278423761560143
42908.00000000002,33125.281513200556,Tabaco sin elaborar,2000,9782.718486799466,22.799287980794865
40709.999999999985,32100.728104490983,Tabaco sin elaborar,2001,8609.271895509002,21.1478061790936
41524.999999999985,33577.55322513521,Tabaco sin elaborar,2002,7947.446774864773,19.13894467155876
40192.00000000001,34649.240738479246,Tabaco sin elaborar,2003,5542.759261520761,13.790702780455714
40595.99999999997,36243.03072151777,Tabaco sin elaborar,2004,4352.969278482204,10.722655627357884
40251.0,32843.74738417637,Tabaco sin elaborar,2005,7407.252615823629,18.402654880185906
32562.99999999998,33865.377291052224,Tabaco sin elaborar,2006,1302.377291052242,3.999561745085658
29248.000000000007,22859.172329805075,Tabaco sin elaborar,2007,6388.827670194933,21.843639463193828
31127.000000000022,23303.13463007702,Tabaco sin elaborar,2008,7823.865369923002,25.135301731368255
34827.00000000001,25098.8351304146,Tabaco sin elaborar,2009,9728.164869585406,27.932824732493188
33410.00000000001,29273.63483215572,Tabaco sin elaborar,2010,4136.3651678442875,12.380620077354944
33691.99999999998,27548.711609455626,Tabaco sin elaborar,2011,6143.288390544352,18.233670873039166
33200.00000000003,25891.260299122085,Tabaco sin elaborar,2012,7308.739700877944,22.014276207463666
31330.000000000025,26696.6343569217,Tabaco sin elaborar,2013,4633.365643078327,14.78891044710604
29139.99999999999,23588.773783283006,Tabaco sin elaborar,2014,5551.226216716983,19.050192919413124
29534.000000000015,26900.434270944283,Tabaco sin elaborar,2015,2633.565729055732,8.917064160139942
29237.99999999999,27898.65973523727,Tabaco sin elaborar,2016,1339.340264762719,4.580820387039878
29679.00000000001,26671.803965307547,Tabaco sin elaborar,2017,3007.1960346924643,10.132403499755597
25979.999999999993,24028.005508621754,Tabaco sin elaborar,2018,1951.9944913782383,7.513450698145646
27769.99999999999,24020.247971690107,Tabaco sin elaborar,2019,3749.752028309882,13.502888110586545
24529.999999999985,25279.70837873891,Tabaco sin elaborar,2020,749.7083787389238,3.0562918008109428
26020.00000000001,22262.135787385698,Tabaco sin elaborar,2021,3757.864212614313,14.442214498902043
19939.999999999993,20858.740569408725,Tabaco sin elaborar,2022,918.740569408732,4.607525423313602
12379.999999999996,18159.38112582611,Tabaco sin elaborar,2023,5779.381125826112,46.68320780150334
160699.99999999994,121930.82165093422,"Tangerinas, mandarinas, clementinas",1963,38769.178349065725,24.125188767309112
155600.00000000012,145493.26918863627,"Tangerinas, mandarinas, clementinas",1964,10106.730811363843,6.495328284938197
165000.00000000015,146912.99553565876,"Tangerinas, mandarinas, clementinas",1965,18087.004464341386,10.961820887479618
218499.99999999985,162246.94419172112,"Tangerinas, mandarinas, clementinas",1966,56253.05580827873,25.74510563307953
210000.0,214229.49808136685,"Tangerinas, mandarinas, clementinas",1967,4229.498081366852,2.0140467054127864
194000.00000000006,200083.3561707854,"Tangerinas, mandarinas, clementinas",1968,6083.356170785351,3.135750603497603
275332.0000000002,194904.09535066993,"Tangerinas, mandarinas, clementinas",1969,80427.90464933024,29.211244842346762
349100.0000000001,250700.04957909102,"Tangerinas, mandarinas, clementinas",1970,98399.9504209091,28.186751767662294
372800.00000000006,302548.38716238854,"Tangerinas, mandarinas, clementinas",1971,70251.61283761152,18.84431674828635
578100.0000000003,350395.6954038132,"Tangerinas, mandarinas, clementinas",1972,227704.30459618714,39.388393806640195
599499.9999999995,506721.29824853985,"Tangerinas, mandarinas, clementinas",1973,92778.70175145968,15.47601363660713
590800.0000000002,577420.3453930538,"Tangerinas, mandarinas, clementinas",1974,13379.654606946395,2.2646673336063623
651700.0000000001,596855.3864273833,"Tangerinas, mandarinas, clementinas",1975,54844.61357261683,8.415622767011941
660100.0,628052.4605129502,"Tangerinas, mandarinas, clementinas",1976,32047.5394870498,4.8549522022496285
712900.0000000001,676760.110921618,"Tangerinas, mandarinas, clementinas",1977,36139.88907838217,5.069419144113082
911399.9999999999,724913.9946565634,"Tangerinas, mandarinas, clementinas",1978,186486.0053434365,20.46148840722367
802839.9999999999,814674.1988747085,"Tangerinas, mandarinas, clementinas",1979,11834.198874708614,1.4740420102023586
905800.0000000006,873827.8779700367,"Tangerinas, mandarinas, clementinas",1980,31972.12202996388,3.5297109770328836
722599.9999999999,814335.8038021219,"Tangerinas, mandarinas, clementinas",1981,91735.80380212201,12.69523993940244
879099.9999999997,794132.6298781437,"Tangerinas, mandarinas, clementinas",1982,84967.37012185599,9.665267901473783
1234400.0000000007,797662.8094291516,"Tangerinas, mandarinas, clementinas",1983,436737.1905708491,35.38052418752826
868868.9999999993,1013362.978999206,"Tangerinas, mandarinas, clementinas",1984,144493.97899920668,16.63012249248239
1050798.999999999,991559.438744353,"Tangerinas, mandarinas, clementinas",1985,59239.561255646055,5.637573052091419
1163699.9999999995,877639.7299217075,"Tangerinas, mandarinas, clementinas",1986,286060.270078292,24.581960133908407
1293499.9999999988,1045301.0207160511,"Tangerinas, mandarinas, clementinas",1987,248198.97928394773,19.188170025817392
1255300.0000000007,1133171.899523006,"Tangerinas, mandarinas, clementinas",1988,122128.10047699464,9.728997090495865
1452999.9999999993,1202774.6109106299,"Tangerinas, mandarinas, clementinas",1989,250225.38908936945,17.221293123838237
1575500.000000001,1303372.8887198453,"Tangerinas, mandarinas, clementinas",1990,272127.1112801556,17.272428516671244
1340299.999999999,1486289.2092166645,"Tangerinas, mandarinas, clementinas",1991,145989.20921666548,10.892278535899843
1521399.9999999988,1498734.8691037088,"Tangerinas, mandarinas, clementinas",1992,22665.130896290066,1.4897548899888315
1630999.9999999993,1482317.1494268556,"Tangerinas, mandarinas, clementinas",1993,148682.8505731437,9.116054602890483
1784800.0000000005,1578269.0923376828,"Tangerinas, mandarinas, clementinas",1994,206530.90766231762,11.57165551671434
1686700.0,1860349.59800503,"Tangerinas, mandarinas, clementinas",1995,173649.59800503007,10.29522724877157
1503800.0000000005,1876166.0728287436,"Tangerinas, mandarinas, clementinas",1996,372366.07282874314,24.761675277878908
1997638.9999999984,1876166.0728287436,"Tangerinas, mandarinas, clementinas",1997,121472.92717125476,6.080824772206332
1760100.0000000002,1602904.3120322272,"Tangerinas, mandarinas, clementinas",1998,157195.68796777306,8.931065733070454
2033819.9999999984,1931757.9243343794,"Tangerinas, mandarinas, clementinas",1999,102062.07566561899,5.01824525600196
1801930.0000000005,1896855.7476181583,"Tangerinas, mandarinas, clementinas",2000,94925.74761815788,5.268004174310759
1758332.0000000012,1922359.7825623117,"Tangerinas, mandarinas, clementinas",2001,164027.78256231057,9.32860134276749
2068099.9999999984,1930955.5214843566,"Tangerinas, mandarinas, clementinas",2002,137144.47851564176,6.63142394060451
2060375.000000001,1900358.9110393226,"Tangerinas, mandarinas, clementinas",2003,160016.08896067832,7.766357530094194
2459819.9999999986,1946179.824826409,"Tangerinas, mandarinas, clementinas",2004,513640.1751735895,20.88120981102641
1956922.999999999,2109888.2675629677,"Tangerinas, mandarinas, clementinas",2005,152965.26756296866,7.816621684295638
2508049.000000001,2266694.2730992013,"Tangerinas, mandarinas, clementinas",2006,241354.72690079967,9.623206201346129
1987432.0000000014,2109888.2675629677,"Tangerinas, mandarinas, clementinas",2007,122456.26756296633,6.16153244805187
2227916.000000002,2247585.565117267,"Tangerinas, mandarinas, clementinas",2008,19669.565117265098,0.882868345003361
2000148.999999999,1989248.0030251474,"Tangerinas, mandarinas, clementinas",2009,10900.996974851703,0.5450092455537916
2196890.0,2200916.064060552,"Tangerinas, mandarinas, clementinas",2010,4026.0640605520457,0.18326197763893712
2117118.9999999995,1989248.0030251474,"Tangerinas, mandarinas, clementinas",2011,127870.99697485217,6.039858740810138
1871265.0000000016,2103777.49232689,"Tangerinas, mandarinas, clementinas",2012,232512.4923268885,12.425417689471468
2198899.9999999986,1946179.824826409,"Tangerinas, mandarinas, clementinas",2013,252720.1751735895,11.493027203310275
2389680.999999999,1983931.8030476223,"Tangerinas, mandarinas, clementinas",2014,405749.19695237675,16.97922011148672
3737159.5600000015,2279744.386545426,"Tangerinas, mandarinas, clementinas",2015,1457415.1734545752,38.99793814140959
2382073.000000002,3345457.9354640692,"Tangerinas, mandarinas, clementinas",2016,963384.9354640674,40.44313232483079
1967017.9999999993,2766520.7289462164,"Tangerinas, mandarinas, clementinas",2017,799502.7289462171,40.64542006967996
1978590.000000001,2253608.258843893,"Tangerinas, mandarinas, clementinas",2018,275018.25884389225,13.89970933057845
1826330.0000000014,1951554.9513603856,"Tangerinas, mandarinas, clementinas",2019,125224.95136038424,6.856644273509395
2172179.9999999986,1926710.353705022,"Tangerinas, mandarinas, clementinas",2020,245469.64629497658,11.300612577916045
2009520.000000001,1952365.914238072,"Tangerinas, mandarinas, clementinas",2021,57154.08576192893,2.8441660576619743
1800490.0000000012,1875097.65173849,"Tangerinas, mandarinas, clementinas",2022,74607.65173848881,4.143741522501584
1862300.0000000005,1919807.7836889823,"Tangerinas, mandarinas, clementinas",2023,57507.783688981785,3.0879978354175894
1289700.0000000007,1205997.600956396,"Tomates, frescos",1963,83702.39904360473,6.49006738339185
1406253.0000000007,1202774.6109106299,"Tomates, frescos",1964,203478.38908937084,14.469543466884746
1330132.0000000012,1302831.5008117685,"Tomates, frescos",1965,27300.4991882327,2.0524654085634113
1295799.9999999995,1405023.4253808267,"Tomates, frescos",1966,109223.42538082716,8.429034216763945
1252535.0000000005,1296579.4564656457,"Tomates, frescos",1967,44044.45646564523,3.516425206931959
1307699.9999999998,1205997.600956396,"Tomates, frescos",1968,101702.3990436038,7.777196531590107
1397699.9999999998,1202774.6109106299,"Tomates, frescos",1969,194925.3890893699,13.946153615895396
1808499.9999999993,1302831.5008117685,"Tomates, frescos",1970,505668.49918823084,27.960657958984296
1853900.000000001,1482933.1220261902,"Tomates, frescos",1971,370966.87797381077,20.010080261816203
1953900.0000000002,1953060.6454485327,"Tomates, frescos",1972,839.3545514675789,0.04295790733750851
2028700.0,1953060.6454485327,"Tomates, frescos",1973,75639.35455146735,3.7284642653653743
2399100.0000000014,1957480.6969350686,"Tomates, frescos",1974,441619.3030649328,18.4077071845664
2488100.0,2110765.025347355,"Tomates, frescos",1975,377334.9746526452,15.165587181087787
2077999.9999999986,2449723.7096235184,"Tomates, frescos",1976,371723.7096235198,17.88853270565544
2358500.0000000005,2261576.0082249637,"Tomates, frescos",1977,96923.99177503679,4.109560813018307
2223000.0000000014,2110765.025347355,"Tomates, frescos",1978,112234.97465264658,5.048806776997144
2204100.0000000005,2303479.70136973,"Tomates, frescos",1979,99379.70136972936,4.508856284639052
2147299.999999999,2237429.885408756,"Tomates, frescos",1980,90129.88540875679,4.197358795173326
2158899.999999999,2114062.5588488784,"Tomates, frescos",1981,44837.4411511207,2.076865123494405
2256900.0000000005,1953060.6454485327,"Tomates, frescos",1982,303839.3545514678,13.462685743784295
2348599.9999999986,1984756.2200232025,"Tomates, frescos",1983,363843.7799767961,15.491943284373514
2510759.000000001,2384865.604241889,"Tomates, frescos",1984,125893.39575811196,5.014156904669541
2428998.0,2443176.9040569765,"Tomates, frescos",1985,14178.90405697655,0.5837346945932664
2400000.000000001,2444192.158875775,"Tomates, frescos",1986,44192.15887577413,1.8413399531572547
2447000.0000000014,2443176.9040569765,"Tomates, frescos",1987,3823.0959430248477,0.15623604180730877
2581400.0000000014,2444192.158875775,"Tomates, frescos",1988,137207.84112422634,5.315249133192309
2963800.0,2599013.9873438696,"Tomates, frescos",1989,364786.01265613036,12.308050902764368
3160300.000000002,2816002.003788559,"Tomates, frescos",1990,344297.99621144263,10.89447192391363
2665299.9999999986,2822375.012183861,"Tomates, frescos",1991,157075.01218386227,5.893333290206069
2647400.0000000023,2647926.484141525,"Tomates, frescos",1992,526.4841415225528,0.019886837709547193
2805800.0000000005,2640849.9884337108,"Tomates, frescos",1993,164950.0115662897,5.8788941323789885
3108819.999999999,2641947.3856749367,"Tomates, frescos",1994,466872.6143250624,15.01767919419788
2841100.0,2798581.801128059,"Tomates, frescos",1995,42518.19887194084,1.4965400328021132
3326400.0000000005,2647926.484141525,"Tomates, frescos",1996,678473.5158584756,20.39663046712589
3360207.0000000023,2822375.012183861,"Tomates, frescos",1997,537831.9878161415,16.005918320393388
3560399.999999999,3086187.25851398,"Tomates, frescos",1998,474212.741486019,13.31908609948374
3874719.999999998,3265869.4966246733,"Tomates, frescos",1999,608850.5033753249,15.713406475185954
3766327.9999999986,3802960.8715333818,"Tomates, frescos",2000,36632.87153338315,0.9726415631719585
3971691.000000003,3793023.9594241586,"Tomates, frescos",2001,178667.04057584424,4.498513116348782
3979718.0000000005,3809984.278512937,"Tomates, frescos",2002,169733.72148706345,4.264968560261391
3947326.9999999977,3809984.278512937,"Tomates, frescos",2003,137342.72148706065,3.4793854546902434
4383201.999999996,3789562.6777120153,"Tomates, frescos",2004,593639.3222879809,13.543508199895452
4810301.000000002,4523308.4499807935,"Tomates, frescos",2005,286992.55001920834,5.966207728356463
3800551.999999999,4570078.86791676,"Tomates, frescos",2006,769526.867916761,20.247765796041236
4081477.0000000023,3875471.720572197,"Tomates, frescos",2007,206005.27942780545,5.04732182559905
4049752.9999999995,3991856.8442682624,"Tomates, frescos",2008,57896.15573173715,1.429621898711777
4798052.999999999,4025795.1348041533,"Tomates, frescos",2009,772257.8651958457,16.09523415426728
4312708.999999997,4558137.52232517,"Tomates, frescos",2010,245428.52232517302,5.690820371260226
3864120.0000000033,4222703.948933901,"Tomates, frescos",2011,358583.948933898,9.279834708391501
4046399.9999999986,3791448.4346527653,"Tomates, frescos",2012,254951.56534723332,6.300701002056974
3776800.000000001,4002553.5344733857,"Tomates, frescos",2013,225753.53447338473,5.977375939244458
4888880.000000002,3801381.219224904,"Tomates, frescos",2014,1087498.7807750977,22.24433368737006
4832700.000000005,4558137.52232517,"Tomates, frescos",2015,274562.47767483443,5.681347438798894
5233541.999999998,4632253.528196734,"Tomates, frescos",2016,601288.4718032638,11.489130531545634
5163466.0,4787276.756945723,"Tomates, frescos",2017,376189.24305427726,7.2855954324919985
4768600.000000004,5054292.811032156,"Tomates, frescos",2018,285692.81103215273,5.991125509209255
5000559.999999999,4768503.458842693,"Tomates, frescos",2019,232056.54115730617,4.640611074705758
4312899.999999996,4789266.095013818,"Tomates, frescos",2020,476366.0950138215,11.04514584186561
4754379.999999998,4323608.150113038,"Tomates, frescos",2021,430771.84988696035,9.060526291271637
3651939.999999998,4430793.716062068,"Tomates, frescos",2022,778853.7160620699,21.327122462638222
3968460.0000000014,3515033.030792327,"Tomates, frescos",2023,453426.96920767426,11.42576639824199
4865360.0,4916802.500731969,Trigo,1963,51442.50073196925,1.057321569872923
3980999.999999997,5215763.748649508,Trigo,1964,1234763.7486495106,31.016421719404956
4718999.999999999,4350085.918426773,Trigo,1965,368914.0815732265,7.817632582607047
4880999.999999996,5028466.767939287,Trigo,1966,147466.76793929096,3.0212408920157974
5654000.000000003,5215763.748649508,Trigo,1967,438236.25135049503,7.75090646180571
5314999.999999996,5748958.6167798685,Trigo,1968,433958.6167798722,8.164790532076623
4626000.000000001,5776965.621437649,Trigo,1969,1150965.6214376483,24.88036362813766
4061999.999999998,5521887.983522674,Trigo,1970,1459887.983522676,35.94012761011021
5449700.000000003,4619939.843717514,Trigo,1971,829760.1562824892,15.225795113171161
4562499.999999998,5483988.677783102,Trigo,1972,921488.6777831037,20.19701211579406
3967300.0000000033,5469250.611307672,Trigo,1973,1501950.611307669,37.858256529822995
4534600.000000001,4235812.014722932,Trigo,1974,298787.9852770688,6.589070376153767
4302900.0,5067281.093760517,Trigo,1975,764381.0937605174,17.764323915510875
4436200.0,4602995.477986728,Trigo,1976,166795.47798672784,3.759872818780214
4064099.9999999986,5028861.748080253,Trigo,1977,964761.7480802541,23.738632122247346
4806100.0,4463781.965859316,Trigo,1978,342318.0341406837,7.12257410667035
4082299.9999999986,5078749.061401692,Trigo,1979,996449.0614016936,24.40901113102158
6039499.999999997,4410941.297687975,Trigo,1980,1628558.7023120224,26.965124634688685
3408500.000000003,6015440.434755405,Trigo,1981,2606940.4347554026,76.48350989454013
4410300.000000004,3938594.6102515976,Trigo,1982,471705.38974840613,10.695539753495357
4267899.999999999,4932633.45235723,Trigo,1983,664733.4523572307,15.575188086816253
6052300.000000004,4379399.509128761,Trigo,1984,1672900.4908712432,27.64073973317982
5328688.000000005,5688446.012551726,Trigo,1985,359758.0125517212,6.7513431552329735
4391999.999999997,5534390.577370341,Trigo,1986,1142390.5773703437,26.010714421000557
5791000.000000002,4914815.212974964,Trigo,1987,876184.7870250382,15.130112019081988
6514099.999999997,5120861.491396822,Trigo,1988,1393238.5086031752,21.388042992941095
5468200.000000002,6028811.248303602,Trigo,1989,560611.2483036006,10.252208191061051
4773500.000000003,5771469.612067678,Trigo,1990,997969.6120676752,20.90645463638158
5467699.999999997,4990966.840267568,Trigo,1991,476733.1597324293,8.71908041283226
4357506.000000001,5100117.799362169,Trigo,1992,742611.7993621677,17.042129129877676
4972971.000000001,4555018.420096778,Trigo,1993,417952.5799032226,8.404484560702699
4302340.000000002,4754977.799845707,Trigo,1994,452637.7998457048,10.52073522421995
3138700.0,4327170.892102547,Trigo,1995,1188470.892102547,37.86506808878029
6040499.999999995,3254163.5469050836,Trigo,1996,2786336.4530949118,46.127579721793126
4676289.999999996,4943042.167856278,Trigo,1997,266752.1678562816,5.704354688359401
5436299.999999999,5186139.79772163,Trigo,1998,250160.2022783691,4.601662937629806
5083799.999999999,5025581.920597674,Trigo,1999,58218.07940232474,1.1451685629317587
7293623.000000006,5208290.1726585,Trigo,2000,2085332.8273415053,28.591179271831074
5007697.999999995,5785988.411653208,Trigo,2001,778290.4116532123,15.541879954686024
6822159.999999994,5647625.196577151,Trigo,2002,1174534.803422843,17.216465216629985
6290100.000000001,5859164.996737152,Trigo,2003,430935.0032628486,6.851004010474374
7096723.9999999935,6592451.955260269,Trigo,2004,504272.04473972414,7.105701796205187
4026694.0,6320563.579657276,Trigo,2005,2293869.579657276,56.966573066075455
5521582.000000005,4888888.315120639,Trigo,2006,632693.6848793654,11.458558161037269
6436359.000000005,4859219.714707406,Trigo,2007,1577139.2852925984,24.503594117304477
6714300.000000006,5936538.85999187,Trigo,2008,777761.1400081357,11.58365190724476
4804772.000000002,6413990.473224595,Trigo,2009,1609218.4732245933,33.492088141218616
5941197.000000001,5415365.596230673,Trigo,2010,525831.4037693283,8.850597005440623
6876657.000000003,5655100.750597226,Trigo,2011,1221556.2494027764,17.76380949933632
5189828.000000003,6156885.829246951,Trigo,2012,967057.8292469485,18.633716362988288
7744899.999999996,5663958.048200605,Trigo,2013,2080941.9517993908,26.868545130335985
6471400.000000004,5798736.816220757,Trigo,2014,672663.1837792471,10.394399724622906
6362694.000000005,6592451.955260269,Trigo,2015,229757.9552602647,3.6110168941059326
7873135.0000000065,6492110.302560189,Trigo,2016,1381024.6974398177,17.540975703322967
4875957.000000002,6404347.477611458,Trigo,2017,1528390.477611456,31.345446188542176
8322509.9999999935,5398206.965997334,Trigo,2018,2924303.03400266,35.13727269781186
6041170.000000002,5637981.461959456,Trigo,2019,403188.53804054577,6.6740141072101205
8143509.999999993,6496106.302626576,Trigo,2020,1647403.6973734163,20.229651555329554
8564630.000000004,6204878.626846701,Trigo,2021,2359751.373153303,27.552286241825996
6508800.000000006,6224452.969365403,Trigo,2022,284347.03063460253,4.368655215010483
4049230.000000002,6556265.643259137,Trigo,2023,2507035.643259135,61.913885930390066
2999.9999999999995,15448.130804378667,Triticale,1981,12448.130804378667,414.93769347928895
2000.0,3872.827421852719,Triticale,1982,1872.827421852719,93.64137109263595
2000.0,1849.1316736376878,Triticale,1983,150.86832636231225,7.543416318115612
11999.999999999998,1912.8309336801385,Triticale,1984,10087.16906631986,84.0597422193322
6000.000000000005,10598.574771566999,Triticale,1985,4598.574771566994,76.64291285944984
12999.999999999995,7290.293348889006,Triticale,1986,5709.706651110989,43.92082039316147
113999.99999999996,11449.055509563332,Triticale,1987,102550.94449043662,89.95696885126023
135999.99999999997,80847.0448257376,Triticale,1988,55152.95517426237,40.55364351048705
188999.99999999988,128431.36289335904,Triticale,1989,60568.63710664085,32.04689794002163
106000.00000000001,163847.84329099674,Triticale,1990,57847.84329099672,54.57343706697804
151800.00000000006,127234.34928667356,Triticale,1991,24565.650713326497,16.182905608251968
124099.99999999996,133564.73892128366,Triticale,1992,9464.7389212837,7.626703401517893
47199.99999999998,128181.32801503113,Triticale,1993,80981.32801503115,171.57061020133725
50800.000000000015,60552.942140079394,Triticale,1994,9752.94214007938,19.198705000156256
22799.999999999996,52869.939405714154,Triticale,1995,30069.939405714158,131.88569914786913
84000.00000000003,24588.656094492355,Triticale,1996,59411.343905507674,70.72779036369958
61553.99999999998,65404.78225242387,Triticale,1997,3850.7822524238945,6.255941534951255
49599.99999999997,62278.30831515363,Triticale,1998,12678.308315153656,25.561105474100128
31000.000000000015,52652.642360574515,Triticale,1999,21652.6423605745,69.84723342120803
95034.99999999993,30220.63715419232,Triticale,2000,64814.362845807605,68.20051859399973
88747.99999999994,74713.14747463199,Triticale,2001,14034.852525367955,15.814274716464555
96596.99999999991,87827.2215583603,Triticale,2002,8769.778441639617,9.07872753981969
87599.99999999993,83876.53156632933,Triticale,2003,3723.4684336705977,4.250534741633106
26053.99999999998,88580.05553729016,Triticale,2004,62526.05553729017,239.98639570618798
52129.99999999998,28311.925530638397,Triticale,2005,23818.07446936158,45.68976495177746
114317.00000000006,51076.36491109594,Triticale,2006,63240.63508890412,55.32041174007723
133749.9999999999,94441.52244299243,Triticale,2007,39308.477557007485,29.389515930472903
136245.9999999999,129644.07865424383,Triticale,2008,6601.921345756084,4.845589115097755
138491.00000000006,130570.93444294919,Triticale,2009,7920.065557050868,5.718830506712251
144990.99999999994,130570.93444294919,Triticale,2010,14420.065557050752,9.945490104248373
207217.99999999988,134630.58801350955,Triticale,2011,72587.41198649033,35.02949163995906
217300.00000000003,166373.2425005573,Triticale,2012,50926.75749944273,23.43615163342969
394800.0000000002,212000.5667952436,Triticale,2013,182799.43320475658,46.301781460171355
449673.99999999994,297749.1676952833,Triticale,2014,151924.83230471663,33.785549599202234
449982.99999999977,416576.39296590595,Triticale,2015,33406.60703409382,7.423970913144237
550838.0000000002,451717.6158885306,Triticale,2016,99120.38411146961,17.994470989922547
355839.9999999998,489460.94413163414,Triticale,2017,133620.9441316343,37.550849857136456
675420.0000000002,413779.7540258435,Triticale,2018,261640.2459741567,38.73741464187567
599969.9999999995,528395.6131751253,Triticale,2019,71574.38682487421,11.92966095386007
786970.0000000003,612690.6276571034,Triticale,2020,174279.372342897,22.14561830093865
787820.0000000005,716708.7387777624,Triticale,2021,71111.26122223807,9.026333581558989
634889.9999999999,706732.2348026888,Triticale,2022,71842.23480268894,11.315697963850265
288190.0,629118.0443431841,Triticale,2023,340928.0443431841,118.29974820194458
2.8199999999999994,14.381458175439073,Uva espina,2008,11.561458175439075,409.9807863630878
3.7300000000000004,19.47967565589537,Uva espina,2009,15.74967565589537,422.24331517145754
6.22,19.27831377101828,Uva espina,2010,13.05831377101828,209.9407358684611
5.7700000000000005,18.220773067869597,Uva espina,2011,12.450773067869598,215.78462855926512
6.839999999999998,19.27831377101828,Uva espina,2012,12.438313771018281,181.84669255874687
8.07,19.27831377101828,Uva espina,2013,11.208313771018279,138.88864648101955
14.0,38.840397726143024,Uva espina,2015,24.840397726143024,177.43141232959303
18.999999999999996,26.234673877789504,Uva espina,2016,7.234673877789508,38.077230935734256
35.99999999999999,26.234673877789504,Uva espina,2017,9.765326122210489,27.12590589502914
4108000.000000003,3652743.2310937606,Uvas,1963,455256.7689062422,11.08219982731845
5512999.999999998,4041919.3280945187,Uvas,1964,1471080.6719054794,26.683850388272806
4375999.999999997,4891375.672020934,Uvas,1965,515375.6720209364,11.777323400844075
4958299.999999998,4513222.230315011,Uvas,1966,445077.76968498714,8.976418725873533
3730899.9999999977,4728877.477616984,Uvas,1967,997977.4776169867,26.748974178267638
3840999.9999999986,3578759.5964018507,Uvas,1968,262240.4035981479,6.827399208491227
3985600.0000000005,3826833.670615696,Uvas,1969,158766.32938430458,3.9834988303970436
4139699.9999999995,3887457.259296492,Uvas,1970,252242.74070350733,6.093261364434799
4017599.9999999995,4064228.0897777434,Uvas,1971,46628.08977774391,1.160595623699321
4565800.000000002,4064228.0897777434,Uvas,1972,501571.9102222584,10.985411323804332
6508500.000000004,4613707.921129569,Uvas,1973,1894792.0788704343,29.112577074140482
5859599.999999999,5546987.66244476,Uvas,1974,312612.337555239,5.335045695188051
5202099.999999998,5834723.635620019,Uvas,1975,632623.6356200213,12.160928002537851
4174900.0000000014,5143788.232670928,Uvas,1976,968888.232670927,23.207459643845997
3575000.000000003,4253566.078149754,Uvas,1977,678566.0781497508,18.980869318874134
4688000.000000003,3361368.1628879337,Uvas,1978,1326631.8371120691,28.298460689250604
7638300.000000001,4624149.389284354,Uvas,1979,3014150.610715647,39.46101371660771
6721400.000000005,5642331.363819115,Uvas,1980,1079068.6361808898,16.054224360711892
5402502.999999996,6510419.326401092,Uvas,1981,1107916.3264010958,20.50746341836546
6028000.000000003,5775022.046071679,Uvas,1982,252977.95392832346,4.196714564172583
5119100.000000001,5973491.751798933,Uvas,1983,854391.7517989324,16.690272739327856
5632199.999999997,5344937.306195479,Uvas,1984,287262.6938045183,5.100363868550806
5450239.999999999,5278905.118797086,Uvas,1985,171334.8812029129,3.1436208534470578
5862500.000000002,5308530.0351107875,Uvas,1986,553969.9648892144,9.449381064208344
6364800.000000003,5444043.342806341,Uvas,1987,920756.6571936617,14.466387902112576
3760400.000000001,5973491.751798933,Uvas,1988,2213091.7517989324,58.852562275261455
5033600.000000001,4424973.781893879,Uvas,1989,608626.2181061218,12.091271020862239
6473800.000000003,4754977.799845707,Uvas,1990,1718822.2001542961,26.550437149036043
5196999.999999996,5805402.149342463,Uvas,1991,608402.1493424671,11.70679525384775
5757299.999999997,5510631.428687196,Uvas,1992,246668.57131280098,4.284448809560057
4567599.999999998,5278905.118797086,Uvas,1993,711305.118797088,15.572841728634037
3254359.9999999995,4979697.087474391,Uvas,1994,1725337.0874743913,53.016171765704826
3350099.9999999995,3140758.736577597,Uvas,1995,209341.26342240255,6.248806406447645
4973600.0,3015286.9980646214,Uvas,1996,1958313.0019353786,39.37415558017088
5523400.000000002,4674545.592588201,Uvas,1997,848854.4074118007,15.368331234598262
5146809.999999995,5159151.956255499,Uvas,1998,12341.95625550393,0.23979817120709607
5607660.000000004,5143788.232670928,Uvas,1999,463871.7673290754,8.272109352726005
6539812.000000005,5281098.751469596,Uvas,2000,1258713.2485304084,19.246933222704378
5271740.000000004,5957883.372208271,Uvas,2001,686143.3722082675,13.01550099603294
5934556.999999996,5591582.376726263,Uvas,2002,342974.6232737331,5.779279283588198
7240499.999999997,5659048.596223543,Uvas,2003,1581451.4037764538,21.841743025708922
7064200.999999997,5952446.572703604,Uvas,2004,1111754.4272963936,15.73786514987886
6062499.999999999,6512863.6608453,Uvas,2005,450363.6608453011,7.428678941778164
6595056.000000002,6530315.7090751715,Uvas,2006,64740.29092483036,0.9816488430853407
5962643.000000004,6343114.106339447,Uvas,2007,380471.1063394435,6.380913738076273
5951580.999999998,6458217.719759415,Uvas,2008,506636.71975941677,8.5126409227971
5535332.999999998,6221134.081044831,Uvas,2009,685801.0810448332,12.38951804787234
6107617.000000006,5514159.213607483,Uvas,2010,593457.786392523,9.71668305973545
5809314.999999998,5987010.600821917,Uvas,2011,177695.6008219188,3.0588047097105058
5332163.000000004,5783420.572005146,Uvas,2012,451257.57200514246,8.462936560737962
7480000.000000004,5205076.757222386,Uvas,2013,2274923.2427776176,30.413412336599148
6222584.000000001,5971010.516926271,Uvas,2014,251573.48307373002,4.042910197334901
5799131.000000005,6513252.381759374,Uvas,2015,714121.3817593697,12.314282635784037
6102851.000000003,5780544.0659198975,Uvas,2016,322306.9340801053,5.2812518948947815
5387403.000000002,5984641.059752957,Uvas,2017,597238.0597529551,11.085824835323344
6983260.000000003,5634313.251194191,Uvas,2018,1348946.7488058116,19.316862737543943
5745449.999999998,5968886.545023748,Uvas,2019,223436.54502374958,3.888930284377197
6817769.999999998,5938430.05572915,Uvas,2020,879339.9442708483,12.897764874304189
6086919.999999996,5987127.958754401,Uvas,2021,99792.04124559555,1.6394505143092997
5902040.000000005,6255479.230433216,Uvas,2022,353439.23043321166,5.988424857053008
4822760.000000003,5778142.97654112,Uvas,2023,955382.9765411168,19.80988016283448
62399.999999999985,52445.599162796876,Veza,1963,9954.40083720311,15.952565444235756
51356.99999999999,57257.896244057214,Veza,1964,5900.896244057221,11.489955106523398
54329.99999999999,55070.33212036885,Veza,1965,740.3321203688538,1.3626580533201802
62999.99999999995,53684.02357565537,Veza,1966,9315.976424344582,14.787264165626333
55099.99999999999,55019.26057797012,Veza,1967,80.73942202987382,0.14653252637000697
54672.000000000015,55668.087502828894,Veza,1968,996.0875028288792,1.8219335360493103
58877.00000000002,55070.33212036885,Veza,1969,3806.6678796311753,6.465458293783946
55499.99999999996,55437.821886804864,Veza,1970,62.178113195099286,0.11203263638756636
63499.99999999998,55542.385059042965,Veza,1971,7957.6149409570135,12.531677072373254
60400.00000000001,57748.7002467308,Veza,1972,2651.2997532692098,4.389569127929155
48299.99999999997,56768.067533841204,Veza,1973,8468.067533841233,17.532230918925958
57200.00000000003,50853.66764826445,Veza,1974,6346.332351735582,11.094986628908355
51300.000000000015,51860.55939395423,Veza,1975,560.5593939542159,1.0927083702811222
41500.000000000015,55668.087502828894,Veza,1976,14168.08750282888,34.13996988633464
38299.99999999997,41346.88635020556,Veza,1977,3046.88635020559,7.955316841267865
40800.00000000003,35832.05068610296,Veza,1978,4967.949313897072,12.176346357590855
37400.00000000001,40476.22999081106,Veza,1979,3076.229990811051,8.225213879173932
40299.99999999997,35832.05068610296,Veza,1980,4467.949313897014,11.086722863268033
23999.99999999999,40132.22151264144,Veza,1981,16132.221512641448,67.21758963600607
26900.000000000004,24203.6483056236,Veza,1982,2696.3516943764043,10.02361224675243
25800.0,26589.10879492702,Veza,1983,789.1087949270186,3.058561220647359
31871.00000000001,24832.688605998985,Veza,1984,7038.311394001026,22.08374821624996
32951.000000000015,27484.46253104352,Veza,1985,5466.537468956496,16.58989854315952
29300.000000000007,31836.067944358263,Veza,1986,2536.0679443582558,8.655521994396775
33112.00000000002,28410.183044797315,Veza,1987,4701.816955202707,14.199737120085478
33200.00000000003,31836.067944358263,Veza,1988,1363.932055641766,4.108229083258328
31099.999999999996,31565.490602593334,Veza,1989,465.4906025933378,1.49675434917472
41900.00000000003,29004.93544380083,Veza,1990,12895.064556199199,30.775810396656777
37599.99999999998,40476.22999081106,Veza,1991,2876.22999081108,7.649547847901812
22999.999999999996,36553.19651865104,Veza,1992,13553.196518651046,58.926941385439335
37726.00000000002,27360.706306455617,Veza,1993,10365.293693544405,27.47519931491385
39299.99999999996,34244.752991236,Veza,1994,5055.247008763967,12.863223940875246
69300.00000000001,37339.91441730617,Veza,1995,31960.085582693842,46.11844961427682
198000.00000000006,76479.90528723325,Veza,1996,121520.0947127668,61.37378520846807
151499.99999999997,138641.80122029176,Veza,1997,12858.198779708211,8.487259920599481
121799.99999999996,150783.78144935908,Veza,1998,28983.78144935913,23.796208086501753
92500.00000000007,126801.86662217135,Veza,1999,34301.86662217128,37.08309905099595
130300.00000000003,99229.55810990001,Veza,2000,31070.441890100017,23.84531227175749
88099.99999999993,121259.59859404872,Veza,2001,33159.59859404879,37.63859091265473
131099.99999999994,88111.51289370743,Veza,2002,42988.48710629251,32.79060801395311
146099.99999999997,109003.93568142848,Veza,2003,37096.06431857149,25.390872223526006
129008.00000000004,128521.44426463214,Veza,2004,486.55573536790325,0.3771515994108141
44434.999999999985,123918.123254251,Veza,2005,79483.12325425101,178.87503826769674
39622.00000000002,68381.07952906739,Veza,2006,28759.079529067363,72.58361397472956
31947.999999999985,36259.70388101767,Veza,2007,4311.703881017682,13.496005637340941
23563.00000000002,28758.419372612825,Veza,2008,5195.419372612807,22.049057304302522
40978.99999999999,23833.653104701265,Veza,2009,17145.346895298728,41.83934916737532
55206.99999999995,40039.57904745506,Veza,2010,15167.42095254489,27.47372788332078
51807.00000000004,51633.374327621495,Veza,2011,173.6256723785409,0.3351394066024684
60066.99999999996,58049.54108384921,Veza,2012,2017.4589161507538,3.35868099980148
82199.99999999996,54547.76514592566,Veza,2013,27652.234854074297,33.64018838695172
107000.00000000003,72662.84684760278,Veza,2014,34337.15315239725,32.09079733868901
102287.90000000007,95898.34157524056,Veza,2015,6389.558424759511,6.246641513570526
114932.00000000007,105322.54556388655,Veza,2016,9609.45443611352,8.360991226215079
72231.00000000004,112644.8301679347,Veza,2017,40413.83016793466,55.950810826286
15098.000000000011,15571.767123099928,Zanahorias y nabos,1963,473.7671230999167,3.1379462385740915
25800.0,15524.638083419375,Zanahorias y nabos,1964,10275.361916580625,39.82698417279312
26232.999999999978,24274.609886780207,Zanahorias y nabos,1965,1958.3901132197716,7.465368479471556
27609.000000000022,26051.93011927263,Zanahorias y nabos,1966,1557.0698807273911,5.639718500225976
29359.000000000025,28797.51907161714,Zanahorias y nabos,1967,561.4809283828872,1.912466120722391
24130.000000000015,30428.348685282996,Zanahorias y nabos,1968,6298.348685282981,26.101735123427172
39986.99999999997,25038.464385580188,Zanahorias y nabos,1969,14948.535614419783,37.38348866986719
34538.99999999997,36903.895759467494,Zanahorias y nabos,1970,2364.895759467523,6.847030196205811
38903.00000000003,35843.48222719404,Zanahorias y nabos,1971,3059.517772805986,7.8644777338662415
41492.999999999985,38747.76008940649,Zanahorias y nabos,1972,2745.2399105934965,6.616151906570981
58157.00000000001,42789.15341183873,Zanahorias y nabos,1973,15367.84658816128,26.424758134293857
63760.99999999998,55420.16612700383,Zanahorias y nabos,1974,8340.833872996147,13.08140379384914
58046.999999999956,61420.76527167707,Zanahorias y nabos,1975,3373.7652716771117,5.812126848376513
65343.000000000015,59145.33410809023,Zanahorias y nabos,1976,6197.665891909783,9.484819937728266
103308.00000000004,69338.41921014844,Zanahorias y nabos,1977,33969.58078985161,32.88184921772911
115313.00000000004,94878.66639168352,Zanahorias y nabos,1978,20434.33360831652,17.72075447548543
131801.0000000001,120619.91949929601,Zanahorias y nabos,1979,11181.080500704076,8.483304755429828
146350.99999999994,132986.10389224777,Zanahorias y nabos,1980,13364.896107752167,9.132083899496534
142908.9999999999,136413.71366715408,Zanahorias y nabos,1981,6495.286332845833,4.54505057963168
145570.0,137120.84826482608,Zanahorias y nabos,1982,8449.151735173917,5.8041847462897005
140946.00000000003,137120.84826482608,Zanahorias y nabos,1983,3825.151735173946,2.713912941959293
142665.9999999999,137431.17417321302,Zanahorias y nabos,1984,5234.825826786895,3.669287585540282
161334.00000000003,136649.08156594852,Zanahorias y nabos,1985,24684.918434051506,15.300506052073029
172373.0000000001,147420.19706747285,Zanahorias y nabos,1986,24952.802932527236,14.476050734469565
179193.0000000001,161688.73134672528,Zanahorias y nabos,1987,17504.268653274805,9.768388638660436
217036.00000000015,190228.64278325083,Zanahorias y nabos,1988,26807.35721674931,12.351571728537797
244965.0000000002,216428.53088834017,Zanahorias y nabos,1989,28536.46911166003,11.649202584720268
252228.00000000015,248027.3941088125,Zanahorias y nabos,1990,4200.605891187646,1.6654003089219451
264334.9999999998,254394.67863798773,Zanahorias y nabos,1991,9940.321362012095,3.760501394825544
312629.9999999999,262072.97752985792,Zanahorias y nabos,1992,50557.022470141965,16.171519838192747
293599.99999999994,274745.0138575953,Zanahorias y nabos,1993,18854.98614240467,6.421998004906223
287711.0000000002,282197.7218363295,Zanahorias y nabos,1994,5513.278163670679,1.9162556049892687
304591.9999999999,279603.2435831414,Zanahorias y nabos,1995,24988.756416858465,8.204009434541444
301540.99999999994,282836.37698726036,Zanahorias y nabos,1996,18704.623012739583,6.203011534995103
356695.0,282836.37698726036,Zanahorias y nabos,1997,73858.62301273964,20.706380244393568
333250.0000000001,318548.1522574328,Zanahorias y nabos,1998,14701.847742567305,4.41165723707946
400561.99999999994,334544.2954784555,Zanahorias y nabos,1999,66017.70452154445,16.48126994611183
425356.99999999965,339429.8462143349,Zanahorias y nabos,2000,85927.15378566476,20.201184836658346
383311.0000000001,422477.57985918527,Zanahorias y nabos,2001,39166.57985918515,10.21796396638373
436099.00000000023,376371.3266603378,Zanahorias y nabos,2002,59727.67333966243,13.695897798358263
448348.99999999965,423347.08793641377,Zanahorias y nabos,2003,25001.912063585885,5.57643979658389
508822.0000000001,442800.6186192919,Zanahorias y nabos,2004,66021.38138070819,12.975339387980114
573067.0000000001,474247.99610066554,Zanahorias y nabos,2005,98819.00389933458,17.243883158397633
587464.9999999999,550459.1103983548,Zanahorias y nabos,2006,37005.88960164506,6.2992501002859855
426074.00000000035,574134.3829302943,Zanahorias y nabos,2007,148060.3829302939,34.74992206290311
414516.9999999997,487326.69148261426,Zanahorias y nabos,2008,72809.69148261455,17.564947030547508
419662.0000000002,400450.13746317785,Zanahorias y nabos,2009,19211.86253682233,4.577937134365828
424311.0000000003,423433.7079359861,Zanahorias y nabos,2010,877.292064014182,0.20675685146370973
400599.99999999977,424543.01607968815,Zanahorias y nabos,2011,23943.016079688387,5.9767888366671
370569.9999999999,397130.86846219725,Zanahorias y nabos,2012,26560.868462197366,7.167571163935929
372299.99999999977,372801.14207726833,Zanahorias y nabos,2013,501.14207726856694,0.13460705808986498
376299.99999999994,367540.1562075883,Zanahorias y nabos,2014,8759.843792411615,2.3278883317596644
410864.99999999965,368677.8535557814,Zanahorias y nabos,2015,42187.14644421823,10.267885179856709
404962.00000000023,392487.187102517,Zanahorias y nabos,2016,12474.812897483236,3.08048974903404
389844.00000000023,398029.63338835194,Zanahorias y nabos,2017,8185.633388351707,2.09972024408525
382429.9999999997,398138.26548127155,Zanahorias y nabos,2018,15708.26548127184,4.107487770643478
384299.99999999994,370059.7224319816,Zanahorias y nabos,2019,14240.277568018355,3.70551068644766
392769.9999999999,371337.3091220541,Zanahorias y nabos,2020,21432.690877945803,5.456804460102811
428730.00000000006,393734.74179397494,Zanahorias y nabos,2021,34995.258206025115,8.16254010823248
387910.0000000001,405761.71919308114,Zanahorias y nabos,2022,17851.719193081022,4.602026035183681
388060.0,374198.46571584634,Zanahorias y nabos,2023,13861.534284153662,3.5720080101411282
