time,transnational_regions,realization,data
1940-01-01,8,0,0.0
1940-02-01,8,0,0.0011326716978343173
1940-03-01,8,0,0.18572246954258861
1940-04-01,8,0,0.5911035910729177
1940-05-01,8,0,5.698343197913918
1940-06-01,8,0,16.928913902446162
1940-07-01,8,0,56.45559978595857
1940-08-01,8,0,60.349646141326936
1940-09-01,8,0,19.18194521874323
1940-10-01,8,0,3.7014535912251194
1940-11-01,8,0,0.0450710256573964
1940-12-01,8,0,0.0
1941-01-01,8,0,0.0
1941-02-01,8,0,0.0009547232628078941
1941-03-01,8,0,0.03953012930885637
1941-04-01,8,0,0.3744497175440784
1941-05-01,8,0,4.212293706432449
1941-06-01,8,0,35.24723925143677
1941-07-01,8,0,75.81719721041308
1941-08-01,8,0,65.82668830759094
1941-09-01,8,0,16.746711828965523
1941-10-01,8,0,2.7574032103895525
1941-11-01,8,0,0.03963742734415019
1941-12-01,8,0,0.0
1942-01-01,8,0,0.0
1942-02-01,8,0,0.0
1942-03-01,8,0,0.014861615644883613
1942-04-01,8,0,0.3293544224895428
1942-05-01,8,0,8.525835917320371
1942-06-01,8,0,34.54457754573419
1942-07-01,8,0,64.14804657561304
1942-08-01,8,0,67.40994706112498
1942-09-01,8,0,34.43315821485561
1942-10-01,8,0,4.346805309513085
1942-11-01,8,0,0.01525364931794872
1942-12-01,8,0,0.0
1943-01-01,8,0,0.0
1943-02-01,8,0,0.00037455215380378156
1943-03-01,8,0,7.218830357673235e-05
1943-04-01,8,0,1.0351839259377273
1943-05-01,8,0,8.172540075861871
1943-06-01,8,0,30.662589044996704
1943-07-01,8,0,67.79099793470898
1943-08-01,8,0,87.62354310669897
1943-09-01,8,0,39.52472494080533
1943-10-01,8,0,4.645395038317006
1943-11-01,8,0,0.05446123782426887
1943-12-01,8,0,0.0
1944-01-01,8,0,0.0
1944-02-01,8,0,0.0
1944-03-01,8,0,0.1461654432778546
1944-04-01,8,0,1.1050165141624233
1944-05-01,8,0,6.731501177783683
1944-06-01,8,0,21.86365030878045
1944-07-01,8,0,57.783231010747556
1944-08-01,8,0,72.75173494398605
1944-09-01,8,0,28.57399181092429
1944-10-01,8,0,2.518786550079935
1944-11-01,8,0,0.04210222702589314
1944-12-01,8,0,0.0
1945-01-01,8,0,0.0
1945-02-01,8,0,0.0009566433914783616
1945-03-01,8,0,0.2556419172442317
1945-04-01,8,0,4.527314344832417
1945-05-01,8,0,16.526468568957853
1945-06-01,8,0,44.26546064628708
1945-07-01,8,0,85.47238319096698
1945-08-01,8,0,75.25965731204585
1945-09-01,8,0,36.80957387543061
1945-10-01,8,0,2.879524800543664
1945-11-01,8,0,0.1084595196386496
1945-12-01,8,0,0.0
1946-01-01,8,0,0.0
1946-02-01,8,0,0.0002107598483031766
1946-03-01,8,0,0.023350860114412047
1946-04-01,8,0,0.11487370064114345
1946-05-01,8,0,2.9115240611796764
1946-06-01,8,0,29.076970028730443
1946-07-01,8,0,86.36311136609167
1946-08-01,8,0,96.31651239688955
1946-09-01,8,0,47.97629022330146
1946-10-01,8,0,6.566930152033912
1946-11-01,8,0,0.17464783867795072
1946-12-01,8,0,0.0
1947-01-01,8,0,0.0
1947-02-01,8,0,1.886845011586664e-05
1947-03-01,8,0,0.29869768659527857
1947-04-01,8,0,2.9827801382809667
1947-05-01,8,0,9.006757023562278
1947-06-01,8,0,41.69318027176991
1947-07-01,8,0,83.12804220824859
1947-08-01,8,0,83.36911873128383
1947-09-01,8,0,30.71298894585153
1947-10-01,8,0,3.073148683772849
1947-11-01,8,0,0.3583876017301256
1947-12-01,8,0,0.0
1948-01-01,8,0,0.0
1948-02-01,8,0,0.0011920911599972513
1948-03-01,8,0,0.0277856307341268
1948-04-01,8,0,0.10013284520363507
1948-05-01,8,0,2.99677280233987
1948-06-01,8,0,17.94871976385825
1948-07-01,8,0,43.07577061410805
1948-08-01,8,0,64.79481707015476
1948-09-01,8,0,22.27656774413365
1948-10-01,8,0,3.6247182993805693
1948-11-01,8,0,0.1616438503240099
1948-12-01,8,0,0.0
1949-01-01,8,0,0.0
1949-02-01,8,0,0.0
1949-03-01,8,0,0.0043145385053171
1949-04-01,8,0,2.106959853020151
1949-05-01,8,0,4.4703252814495515
1949-06-01,8,0,22.142282534567798
1949-07-01,8,0,65.59833249326755
1949-08-01,8,0,68.37814129309217
1949-09-01,8,0,22.801259761611284
1949-10-01,8,0,2.512378891506725
1949-11-01,8,0,0.21527713444573485
1949-12-01,8,0,0.0
1950-01-01,8,0,0.0
1950-02-01,8,0,0.0033705935712180254
1950-03-01,8,0,0.08744207161658485
1950-04-01,8,0,1.4556161362248679
1950-05-01,8,0,8.729364897988116
1950-06-01,8,0,41.44595529768308
1950-07-01,8,0,107.41983180744873
1950-08-01,8,0,80.22845816530938
1950-09-01,8,0,35.28891397013376
1950-10-01,8,0,3.0976639872418428
1950-11-01,8,0,0.12270102668860533
1950-12-01,8,0,0.0
1951-01-01,8,0,0.0
1951-02-01,8,0,3.207665122890008e-05
1951-03-01,8,0,0.18580005407996558
1951-04-01,8,0,0.3504595936818086
1951-05-01,8,0,5.0799347113768
1951-06-01,8,0,29.515930859740568
1951-07-01,8,0,61.36430750670989
1951-08-01,8,0,68.8790505392038
1951-09-01,8,0,29.566865058598744
1951-10-01,8,0,0.942650049931093
1951-11-01,8,0,0.04758080170394363
1951-12-01,8,0,0.0
1952-01-01,8,0,0.0
1952-02-01,8,0,4.0124654579270735e-05
1952-03-01,8,0,0.8470616420395931
1952-04-01,8,0,1.518877000405631
1952-05-01,8,0,5.607453868102292
1952-06-01,8,0,37.35357726984589
1952-07-01,8,0,80.46159404860349
1952-08-01,8,0,90.42834601047134
1952-09-01,8,0,32.91091160581232
1952-10-01,8,0,5.755301010281515
1952-11-01,8,0,0.04158793558611241
1952-12-01,8,0,0.0025074733279548795
1953-01-01,8,0,0.0
1953-02-01,8,0,0.0
1953-03-01,8,0,0.08942605958628862
1953-04-01,8,0,0.5151855283482814
1953-05-01,8,0,12.255804879987519
1953-06-01,8,0,21.88890253708624
1953-07-01,8,0,71.98521771123328
1953-08-01,8,0,69.32383483027381
1953-09-01,8,0,31.524455066797426
1953-10-01,8,0,3.2629190029079265
1953-11-01,8,0,0.03990362393992818
1953-12-01,8,0,0.00037878180333734973
1954-01-01,8,0,0.0
1954-02-01,8,0,0.00025759461615998777
1954-03-01,8,0,0.013666808288168332
1954-04-01,8,0,0.14059510656130345
1954-05-01,8,0,4.566611131891288
1954-06-01,8,0,31.302503650044052
1954-07-01,8,0,59.04869510298796
1954-08-01,8,0,55.422397935109935
1954-09-01,8,0,34.2357391224423
1954-10-01,8,0,4.707965851879313
1954-11-01,8,0,0.18448987450139126
1954-12-01,8,0,1.2906598451927489e-05
1955-01-01,8,0,0.0006237641276050587
1955-02-01,8,0,0.00983050619643839
1955-03-01,8,0,0.3177381797587082
1955-04-01,8,0,0.9082154464747674
1955-05-01,8,0,7.9126129765870745
1955-06-01,8,0,26.81063935262103
1955-07-01,8,0,60.33686842407633
1955-08-01,8,0,48.02630828463041
1955-09-01,8,0,18.832085538254358
1955-10-01,8,0,3.2894567571884905
1955-11-01,8,0,0.09289472883686771
1955-12-01,8,0,0.00038146866203956454
1956-01-01,8,0,0.0
1956-02-01,8,0,0.0
1956-03-01,8,0,0.0009132204228278373
1956-04-01,8,0,0.4122621341147652
1956-05-01,8,0,5.040941646101567
1956-06-01,8,0,17.147901058480638
1956-07-01,8,0,54.77750942488734
1956-08-01,8,0,68.28639132241247
1956-09-01,8,0,28.853450483212164
1956-10-01,8,0,3.0242713726581414
1956-11-01,8,0,0.025563876431770563
1956-12-01,8,0,0.0014377278044116803
1957-01-01,8,0,0.0
1957-02-01,8,0,0.004434766924419263
1957-03-01,8,0,0.2374917514775644
1957-04-01,8,0,0.430119690109207
1957-05-01,8,0,2.058013550026052
1957-06-01,8,0,29.44009996359702
1957-07-01,8,0,60.68080604805175
1957-08-01,8,0,66.62017828014139
1957-09-01,8,0,21.121410061999615
1957-10-01,8,0,1.6933667721098513
1957-11-01,8,0,0.016127234946433366
1957-12-01,8,0,0.0
1958-01-01,8,0,0.0
1958-02-01,8,0,0.012023870492890035
1958-03-01,8,0,0.0447320244013464
1958-04-01,8,0,0.537650845534043
1958-05-01,8,0,12.13780087236044
1958-06-01,8,0,20.135375510045485
1958-07-01,8,0,58.93723049454321
1958-08-01,8,0,72.38233922895566
1958-09-01,8,0,22.96280252886546
1958-10-01,8,0,3.111238984308792
1958-11-01,8,0,0.04836425068888831
1958-12-01,8,0,0.0
1959-01-01,8,0,0.00020426065770405775
1959-02-01,8,0,0.0
1959-03-01,8,0,0.008030130441117576
1959-04-01,8,0,0.1875405259332147
1959-05-01,8,0,2.773985693568841
1959-06-01,8,0,18.80692344367327
1959-07-01,8,0,65.94310097257483
1959-08-01,8,0,51.10678074245758
1959-09-01,8,0,11.338729669288643
1959-10-01,8,0,0.5809752834898979
1959-11-01,8,0,0.04425130758572988
1959-12-01,8,0,0.0
1960-01-01,8,0,0.0
1960-02-01,8,0,0.049922386570981095
1960-03-01,8,0,0.056737316203134505
1960-04-01,8,0,0.3232208372441516
1960-05-01,8,0,8.290528204151705
1960-06-01,8,0,27.145754406728194
1960-07-01,8,0,49.130429786512025
1960-08-01,8,0,60.382154286569275
1960-09-01,8,0,18.49659770131795
1960-10-01,8,0,3.71124340938969
1960-11-01,8,0,0.1753910450011006
1960-12-01,8,0,3.147880597641463e-06
1961-01-01,8,0,0.0
1961-02-01,8,0,0.004927117810267143
1961-03-01,8,0,0.1644168892026102
1961-04-01,8,0,1.2868572574706845
1961-05-01,8,0,8.35912146602671
1961-06-01,8,0,30.292074471905405
1961-07-01,8,0,58.82853747998369
1961-08-01,8,0,67.92937004253774
1961-09-01,8,0,32.229887154956195
1961-10-01,8,0,2.2789628274157883
1961-11-01,8,0,0.06602687105864269
1961-12-01,8,0,0.0
1962-01-01,8,0,4.519965066032333e-05
1962-02-01,8,0,0.0
1962-03-01,8,0,0.012796404208761361
1962-04-01,8,0,0.6217867469951381
1962-05-01,8,0,7.965207511386806
1962-06-01,8,0,29.0915059920887
1962-07-01,8,0,65.42534433794572
1962-08-01,8,0,92.12362468432543
1962-09-01,8,0,40.25793097701537
1962-10-01,8,0,3.496977475198105
1962-11-01,8,0,0.10073858004264964
1962-12-01,8,0,0.0024383085164302555
1963-01-01,8,0,0.0
1963-02-01,8,0,0.0
1963-03-01,8,0,0.009629287551214689
1963-04-01,8,0,0.27378752928566624
1963-05-01,8,0,2.5715622024117963
1963-06-01,8,0,25.583748781712167
1963-07-01,8,0,68.38319198650902
1963-08-01,8,0,65.77045025676168
1963-09-01,8,0,20.866857641114848
1963-10-01,8,0,4.101897955861632
1963-11-01,8,0,0.13101871284187463
1963-12-01,8,0,0.0009778862779874229
1964-01-01,8,0,0.0
1964-02-01,8,0,0.0
1964-03-01,8,0,0.024328542355245036
1964-04-01,8,0,0.8962881897779182
1964-05-01,8,0,9.212910371888686
1964-06-01,8,0,27.61239506591405
1964-07-01,8,0,61.91472166896496
1964-08-01,8,0,54.445160734479806
1964-09-01,8,0,30.18425820625649
1964-10-01,8,0,3.0629299047187333
1964-11-01,8,0,0.07544961736100068
1964-12-01,8,0,0.0
1965-01-01,8,0,0.0
1965-02-01,8,0,0.0
1965-03-01,8,0,0.12496383793893448
1965-04-01,8,0,0.47106686730182085
1965-05-01,8,0,9.125160851786248
1965-06-01,8,0,37.796909449934674
1965-07-01,8,0,57.94935277753779
1965-08-01,8,0,48.99864289747245
1965-09-01,8,0,16.299061645171115
1965-10-01,8,0,2.1142199842111693
1965-11-01,8,0,0.03895913663723454
1965-12-01,8,0,0.0
1966-01-01,8,0,0.00020836970415207917
1966-02-01,8,0,0.0025749530043515387
1966-03-01,8,0,0.015902582555990398
1966-04-01,8,0,0.4798419835936388
1966-05-01,8,0,5.336836875217031
1966-06-01,8,0,22.858196376466115
1966-07-01,8,0,50.01383307117181
1966-08-01,8,0,61.98607268578462
1966-09-01,8,0,26.90860811223066
1966-10-01,8,0,4.216642134802169
1966-11-01,8,0,0.1704414043235875
1966-12-01,8,0,0.0
1967-01-01,8,0,0.0
1967-02-01,8,0,1.10863865271421e-05
1967-03-01,8,0,0.1233411217685088
1967-04-01,8,0,0.36083217352901953
1967-05-01,8,0,4.19823480458889
1967-06-01,8,0,17.701606609164088
1967-07-01,8,0,71.39649832803482
1967-08-01,8,0,69.21414686437767
1967-09-01,8,0,21.038155101319177
1967-10-01,8,0,5.98930630218579
1967-11-01,8,0,0.05300322371424137
1967-12-01,8,0,0.0
1968-01-01,8,0,0.0
1968-02-01,8,0,8.56498738473701e-05
1968-03-01,8,0,0.042103116033136344
1968-04-01,8,0,1.663548095838456
1968-05-01,8,0,10.0916314437824
1968-06-01,8,0,25.831275787982538
1968-07-01,8,0,65.35761554725568
1968-08-01,8,0,42.66421037252791
1968-09-01,8,0,20.76144719054887
1968-10-01,8,0,5.341229572161781
1968-11-01,8,0,0.050399738569201886
1968-12-01,8,0,0.0002226152943095113
1969-01-01,8,0,0.0
1969-02-01,8,0,0.0
1969-03-01,8,0,0.006525684207942618
1969-04-01,8,0,0.620795197411104
1969-05-01,8,0,10.192935927569277
1969-06-01,8,0,18.956545315773614
1969-07-01,8,0,53.317377975180236
1969-08-01,8,0,55.55665548335559
1969-09-01,8,0,15.759837590257764
1969-10-01,8,0,1.063021571888726
1969-11-01,8,0,0.05670989151787774
1969-12-01,8,0,0.0
1970-01-01,8,0,0.0
1970-02-01,8,0,0.0035041501999317874
1970-03-01,8,0,0.042084651646426795
1970-04-01,8,0,2.294015206342252
1970-05-01,8,0,6.54821728732604
1970-06-01,8,0,25.171566665422134
1970-07-01,8,0,61.08296772616758
1970-08-01,8,0,60.481415600290795
1970-09-01,8,0,34.601594427706594
1970-10-01,8,0,3.611183138761792
1970-11-01,8,0,0.4940486409643723
1970-12-01,8,0,0.0
1971-01-01,8,0,3.808358825444946e-05
1971-02-01,8,0,0.002977674182589504
1971-03-01,8,0,0.008224764820305498
1971-04-01,8,0,0.2415869511041507
1971-05-01,8,0,4.291922833310725
1971-06-01,8,0,19.960859182116316
1971-07-01,8,0,52.256981819098094
1971-08-01,8,0,70.54474763631885
1971-09-01,8,0,17.990796284474573
1971-10-01,8,0,3.6017462015475292
1971-11-01,8,0,0.049211034107680296
1971-12-01,8,0,0.0
1972-01-01,8,0,0.0
1972-02-01,8,0,0.0
1972-03-01,8,0,0.014592588430923871
1972-04-01,8,0,0.5529574883695696
1972-05-01,8,0,6.017259250300447
1972-06-01,8,0,23.177272989104594
1972-07-01,8,0,45.52034155974667
1972-08-01,8,0,45.98355527209292
1972-09-01,8,0,8.519684890990534
1972-10-01,8,0,0.6885006794449209
1972-11-01,8,0,0.001413562877811228
1972-12-01,8,0,0.0
1973-01-01,8,0,0.0
1973-02-01,8,0,0.001410116385688929
1973-03-01,8,0,0.002535299787188818
1973-04-01,8,0,0.7866286096245132
1973-05-01,8,0,9.586941191592633
1973-06-01,8,0,21.738739593216273
1973-07-01,8,0,57.679568501714506
1973-08-01,8,0,62.4226178092656
1973-09-01,8,0,29.028281639960987
1973-10-01,8,0,3.3286162712267364
1973-11-01,8,0,0.008915783474995578
1973-12-01,8,0,0.0
1974-01-01,8,0,0.0
1974-02-01,8,0,0.0
1974-03-01,8,0,0.06452693745053849
1974-04-01,8,0,0.0550326951730483
1974-05-01,8,0,6.177968329773231
1974-06-01,8,0,17.705349360576577
1974-07-01,8,0,58.84191519817946
1974-08-01,8,0,63.83342338998932
1974-09-01,8,0,21.769185042219505
1974-10-01,8,0,2.3765881443389913
1974-11-01,8,0,0.012344644901543564
1974-12-01,8,0,0.0
1975-01-01,8,0,0.0007590149119416436
1975-02-01,8,0,2.992126927110197e-05
1975-03-01,8,0,0.02996611033737441
1975-04-01,8,0,0.7194021185719974
1975-05-01,8,0,3.696945562835573
1975-06-01,8,0,18.359136298065316
1975-07-01,8,0,61.60690887889773
1975-08-01,8,0,51.83668810445533
1975-09-01,8,0,22.647990338862225
1975-10-01,8,0,3.5380949037185374
1975-11-01,8,0,0.04571375071185624
1975-12-01,8,0,0.0
1976-01-01,8,0,0.0
1976-02-01,8,0,0.0
1976-03-01,8,0,0.15935370152777822
1976-04-01,8,0,0.14523159462983953
1976-05-01,8,0,4.415077999809647
1976-06-01,8,0,27.417382093505026
1976-07-01,8,0,49.78861614194736
1976-08-01,8,0,34.15214832719262
1976-09-01,8,0,10.834245137997307
1976-10-01,8,0,2.8686845845571955
1976-11-01,8,0,0.07264853096765057
1976-12-01,8,0,0.0025223532856781436
1977-01-01,8,0,0.0
1977-02-01,8,0,0.006474250103759097
1977-03-01,8,0,0.2579974233757468
1977-04-01,8,0,1.6687300430596843
1977-05-01,8,0,5.536908196647326
1977-06-01,8,0,18.029801436405634
1977-07-01,8,0,46.53240676114529
1977-08-01,8,0,43.53530289419137
1977-09-01,8,0,22.23874611519458
1977-10-01,8,0,2.0593569919453865
1977-11-01,8,0,0.06975153481568155
1977-12-01,8,0,5.1528843949114334e-05
1978-01-01,8,0,0.0
1978-02-01,8,0,0.012950671056638028
1978-03-01,8,0,0.1007667703323092
1978-04-01,8,0,0.13329058679080535
1978-05-01,8,0,1.8881767271382297
1978-06-01,8,0,16.341527607738023
1978-07-01,8,0,51.28561780172105
1978-08-01,8,0,47.931940936539036
1978-09-01,8,0,23.496224672034035
1978-10-01,8,0,2.3566985747811464
1978-11-01,8,0,0.03080650606436766
1978-12-01,8,0,0.0032721649098102178
1979-01-01,8,0,0.0
1979-02-01,8,0,0.0017398142942910626
1979-03-01,8,0,0.009475213366095333
1979-04-01,8,0,0.20408052239319996
1979-05-01,8,0,6.791415028811428
1979-06-01,8,0,31.259301932761563
1979-07-01,8,0,53.65491732600752
1979-08-01,8,0,50.70368879914652
1979-09-01,8,0,19.150943734255726
1979-10-01,8,0,2.54933189394687
1979-11-01,8,0,0.04504806790032571
1979-12-01,8,0,0.00014953733478346868
1980-01-01,8,0,0.0
1980-02-01,8,0,0.0012590985564579396
1980-03-01,8,0,0.23812997613829803
1980-04-01,8,0,0.545472423308704
1980-05-01,8,0,1.4556801114792037
1980-06-01,8,0,20.9486614246045
1980-07-01,8,0,47.40569201620442
1980-08-01,8,0,66.39626566079028
1980-09-01,8,0,25.89914516118577
1980-10-01,8,0,4.456206233327019
1980-11-01,8,0,0.05993726454415652
1980-12-01,8,0,0.0002084938359746139
1981-01-01,8,0,0.002929260514329351
1981-02-01,8,0,0.003562287847317468
1981-03-01,8,0,0.5690192243253641
1981-04-01,8,0,0.22464646899502014
1981-05-01,8,0,3.7402566435603
1981-06-01,8,0,40.178086725555275
1981-07-01,8,0,48.158416247124094
1981-08-01,8,0,55.95887048065289
1981-09-01,8,0,24.893135342443895
1981-10-01,8,0,7.170344235978926
1981-11-01,8,0,0.614640618644286
1981-12-01,8,0,0.006350765425100415
1982-01-01,8,0,0.0025984380642076563
1982-02-01,8,0,0.00106982740743389
1982-03-01,8,0,0.15175627369120653
1982-04-01,8,0,0.5028125153814739
1982-05-01,8,0,6.36522437535506
1982-06-01,8,0,36.779739480322455
1982-07-01,8,0,65.3801053757735
1982-08-01,8,0,58.70881725464924
1982-09-01,8,0,31.09915515361295
1982-10-01,8,0,2.5254435369614687
1982-11-01,8,0,0.07155194646906964
1982-12-01,8,0,0.0
1983-01-01,8,0,0.00377156429608672
1983-02-01,8,0,0.0014257981733021893
1983-03-01,8,0,0.2207577492753846
1983-04-01,8,0,1.559964444457494
1983-05-01,8,0,5.680315214492305
1983-06-01,8,0,24.71594267790973
1983-07-01,8,0,75.61532752271359
1983-08-01,8,0,45.59480699292857
1983-09-01,8,0,30.25404859987133
1983-10-01,8,0,6.012885805048663
1983-11-01,8,0,0.03648031690850355
1983-12-01,8,0,0.0
1984-01-01,8,0,0.0
1984-02-01,8,0,0.0067895551653721735
1984-03-01,8,0,0.00427299680575773
1984-04-01,8,0,0.6886643460562527
1984-05-01,8,0,2.5683704601209048
1984-06-01,8,0,18.624929905626722
1984-07-01,8,0,61.180554507926495
1984-08-01,8,0,42.12188778557058
1984-09-01,8,0,22.93045869190287
1984-10-01,8,0,5.410552402463726
1984-11-01,8,0,0.011917217533807076
1984-12-01,8,0,0.0
1985-01-01,8,0,0.0
1985-02-01,8,0,0.0020961895165437935
1985-03-01,8,0,0.004734113399848931
1985-04-01,8,0,1.6982571325518028
1985-05-01,8,0,5.469554131814515
1985-06-01,8,0,23.81562195595871
1985-07-01,8,0,70.48922225508151
1985-08-01,8,0,68.41853873422615
1985-09-01,8,0,36.28942993002872
1985-10-01,8,0,7.668651785133428
1985-11-01,8,0,0.4889713035398709
1985-12-01,8,0,0.003035693986312895
1986-01-01,8,0,0.0
1986-02-01,8,0,0.00022119354553601253
1986-03-01,8,0,0.025968007281528236
1986-04-01,8,0,0.7466135685178915
1986-05-01,8,0,11.965726235296607
1986-06-01,8,0,27.07683661094107
1986-07-01,8,0,57.18285895281083
1986-08-01,8,0,71.67649770275303
1986-09-01,8,0,27.229082466932166
1986-10-01,8,0,3.3603997678368307
1986-11-01,8,0,0.019695797730759496
1986-12-01,8,0,0.0
1987-01-01,8,0,1.750505353202648e-05
1987-02-01,8,0,0.032701609061939224
1987-03-01,8,0,0.2873811447374945
1987-04-01,8,0,0.9987126331278686
1987-05-01,8,0,4.108667159506668
1987-06-01,8,0,28.9845493716019
1987-07-01,8,0,72.56789665596665
1987-08-01,8,0,67.75848790132632
1987-09-01,8,0,52.0683968443305
1987-10-01,8,0,2.243071725410747
1987-11-01,8,0,0.009137356514721645
1987-12-01,8,0,5.517074942182143e-05
1988-01-01,8,0,0.0
1988-02-01,8,0,0.0
1988-03-01,8,0,0.3914369993132831
1988-04-01,8,0,0.38284224050444426
1988-05-01,8,0,4.423454676490887
1988-06-01,8,0,17.865437897112045
1988-07-01,8,0,87.29475664048454
1988-08-01,8,0,82.24953075823183
1988-09-01,8,0,31.828183939889907
1988-10-01,8,0,4.705143610976788
1988-11-01,8,0,0.011585111419313824
1988-12-01,8,0,0.0
1989-01-01,8,0,0.0
1989-02-01,8,0,0.0015330375365586368
1989-03-01,8,0,0.4391792935617288
1989-04-01,8,0,0.816245621036668
1989-05-01,8,0,6.4926867284384056
1989-06-01,8,0,24.464983963059794
1989-07-01,8,0,70.15784332862513
1989-08-01,8,0,70.49381934635963
1989-09-01,8,0,18.28970770554491
1989-10-01,8,0,3.019111819998851
1989-11-01,8,0,0.11007591439060103
1989-12-01,8,0,0.0019021174184730301
1990-01-01,8,0,0.0
1990-02-01,8,0,0.04244060954912465
1990-03-01,8,0,0.48288055981572753
1990-04-01,8,0,0.3087728647612358
1990-05-01,8,0,8.202923572792336
1990-06-01,8,0,29.178165560338318
1990-07-01,8,0,73.40846188193161
1990-08-01,8,0,68.28914651087949
1990-09-01,8,0,26.32703285963816
1990-10-01,8,0,4.777684924701693
1990-11-01,8,0,0.27241528242572577
1990-12-01,8,0,0.0007496057771973112
1991-01-01,8,0,0.0
1991-02-01,8,0,0.0
1991-03-01,8,0,0.08891479332177701
1991-04-01,8,0,0.3944343454540343
1991-05-01,8,0,4.62446664069922
1991-06-01,8,0,30.870137717830698
1991-07-01,8,0,69.23017832454187
1991-08-01,8,0,75.35382524170566
1991-09-01,8,0,30.927047788241836
1991-10-01,8,0,4.541960560757932
1991-11-01,8,0,0.03092160263129096
1991-12-01,8,0,0.0
1992-01-01,8,0,0.0
1992-02-01,8,0,0.0
1992-03-01,8,0,0.44488096725898485
1992-04-01,8,0,2.2616031438274904
1992-05-01,8,0,8.041418176864212
1992-06-01,8,0,12.24956350284277
1992-07-01,8,0,55.4213988623289
1992-08-01,8,0,90.02986395361808
1992-09-01,8,0,25.275741779699302
1992-10-01,8,0,3.943770341828023
1992-11-01,8,0,0.26645618510952485
1992-12-01,8,0,0.0
1993-01-01,8,0,0.0
1993-02-01,8,0,2.7840635695769412e-05
1993-03-01,8,0,0.12202338042557236
1993-04-01,8,0,0.7673839538139722
1993-05-01,8,0,6.057398954181209
1993-06-01,8,0,29.714082382313556
1993-07-01,8,0,63.64330025319766
1993-08-01,8,0,79.48633136942026
1993-09-01,8,0,19.587455264413585
1993-10-01,8,0,4.910077881065299
1993-11-01,8,0,0.05705530943630303
1993-12-01,8,0,0.0
1994-01-01,8,0,0.0
1994-02-01,8,0,0.0007357882758443591
1994-03-01,8,0,0.46141045223752275
1994-04-01,8,0,1.4791008569039168
1994-05-01,8,0,12.130099502677869
1994-06-01,8,0,35.90042546850278
1994-07-01,8,0,87.92878657133485
1994-08-01,8,0,97.94552241874246
1994-09-01,8,0,38.1581571439593
1994-10-01,8,0,5.4787092173403735
1994-11-01,8,0,0.11148703902453194
1994-12-01,8,0,0.00031039940954809557
1995-01-01,8,0,0.0003116386019763122
1995-02-01,8,0,0.02550426343068186
1995-03-01,8,0,0.40326746340600794
1995-04-01,8,0,2.267638443010328
1995-05-01,8,0,9.72195483952459
1995-06-01,8,0,28.062934931108867
1995-07-01,8,0,81.18630490875816
1995-08-01,8,0,62.41199536620719
1995-09-01,8,0,15.675412311142164
1995-10-01,8,0,4.9801592978362175
1995-11-01,8,0,0.33979906409870164
1995-12-01,8,0,0.0005394530702899801
1996-01-01,8,0,0.00020845345040181227
1996-02-01,8,0,0.00023564328533623831
1996-03-01,8,0,0.14665227194870276
1996-04-01,8,0,0.8253934117536983
1996-05-01,8,0,8.736375029585394
1996-06-01,8,0,38.53704773529064
1996-07-01,8,0,62.166136346928056
1996-08-01,8,0,55.510592193746355
1996-09-01,8,0,11.212376011345928
1996-10-01,8,0,2.164870285975387
1996-11-01,8,0,0.18580037738286798
1996-12-01,8,0,0.0002436030037179138
1997-01-01,8,0,0.0
1997-02-01,8,0,0.04864482022656515
1997-03-01,8,0,1.281911569121665
1997-04-01,8,0,2.0974871840998923
1997-05-01,8,0,9.176639008861095
1997-06-01,8,0,31.014445578983313
1997-07-01,8,0,55.652678644145794
1997-08-01,8,0,56.14580668178469
1997-09-01,8,0,26.982037685752985
1997-10-01,8,0,6.986182682144724
1997-11-01,8,0,0.024007057884931002
1997-12-01,8,0,2.4111180283991772e-05
1998-01-01,8,0,0.0
1998-02-01,8,0,0.0005355050228766204
1998-03-01,8,0,0.5957788346882917
1998-04-01,8,0,1.2548549328912522
1998-05-01,8,0,4.272977637149227
1998-06-01,8,0,39.66415833346484
1998-07-01,8,0,86.10971125233482
1998-08-01,8,0,93.07778360008432
1998-09-01,8,0,23.297235806185704
1998-10-01,8,0,3.900371103356399
1998-11-01,8,0,0.21138298713423637
1998-12-01,8,0,0.004457207445276001
1999-01-01,8,0,7.020433727280102e-05
1999-02-01,8,0,0.01698271913137532
1999-03-01,8,0,0.14761027611627495
1999-04-01,8,0,1.7925267578491733
1999-05-01,8,0,12.347491657482074
1999-06-01,8,0,37.861152519734375
1999-07-01,8,0,75.1133514623053
1999-08-01,8,0,84.72009202124843
1999-09-01,8,0,27.835787071946086
1999-10-01,8,0,4.988260418625547
1999-11-01,8,0,0.12163619195648301
1999-12-01,8,0,3.0429304934097412e-05
2000-01-01,8,0,0.0
2000-02-01,8,0,0.022557644230090414
2000-03-01,8,0,0.4625487448819426
2000-04-01,8,0,1.1628065271333574
2000-05-01,8,0,10.782538008473256
2000-06-01,8,0,44.01969399805027
2000-07-01,8,0,74.22082848000939
2000-08-01,8,0,85.9953456436601
2000-09-01,8,0,31.53228798380846
2000-10-01,8,0,3.7772938484807863
2000-11-01,8,0,0.21455227636796925
2000-12-01,8,0,8.392610480239443e-05
2001-01-01,8,0,1.4645178070866627e-06
2001-02-01,8,0,0.0038547749517555754
2001-03-01,8,0,1.121278840572642
2001-04-01,8,0,1.1553493149924576
2001-05-01,8,0,13.690748436143346
2001-06-01,8,0,40.1491172818674
2001-07-01,8,0,74.69894785308648
2001-08-01,8,0,91.9459942991381
2001-09-01,8,0,26.165840318691263
2001-10-01,8,0,8.245697215647414
2001-11-01,8,0,0.13137369264425205
2001-12-01,8,0,0.0
2002-01-01,8,0,0.0
2002-02-01,8,0,0.014979515836385137
2002-03-01,8,0,0.9728901682476144
2002-04-01,8,0,2.0580516559209676
2002-05-01,8,0,7.392389285399147
2002-06-01,8,0,51.81252803905274
2002-07-01,8,0,73.88741421513612
2002-08-01,8,0,56.337998236221935
2002-09-01,8,0,16.638850381458507
2002-10-01,8,0,2.6710503940717287
2002-11-01,8,0,0.26160806152778693
2002-12-01,8,0,0.00013280704894222964
2003-01-01,8,0,0.0027508121978741065
2003-02-01,8,0,4.4276200163691944e-05
2003-03-01,8,0,0.16166017631702398
2003-04-01,8,0,0.9941323736698934
2003-05-01,8,0,17.260607507681534
2003-06-01,8,0,74.28197311303319
2003-07-01,8,0,96.4215129413526
2003-08-01,8,0,123.11734940093126
2003-09-01,8,0,25.08370476075983
2003-10-01,8,0,5.201238477433853
2003-11-01,8,0,0.16661035122929557
2003-12-01,8,0,0.0002561918727616846
2004-01-01,8,0,0.0027083363670421675
2004-02-01,8,0,0.0004928762838929109
2004-03-01,8,0,0.15111502891721362
2004-04-01,8,0,0.9615594536320576
2004-05-01,8,0,3.867097317887417
2004-06-01,8,0,42.07196634458028
2004-07-01,8,0,75.9978910181562
2004-08-01,8,0,72.00677522641871
2004-09-01,8,0,31.973738850192994
2004-10-01,8,0,8.708351382786914
2004-11-01,8,0,0.4288409322809276
2004-12-01,8,0,0.0002723071384029994
2005-01-01,8,0,0.0007448243112919162
2005-02-01,8,0,0.002995819135219814
2005-03-01,8,0,0.4450799338510008
2005-04-01,8,0,2.0599272037440803
2005-05-01,8,0,12.721581990610392
2005-06-01,8,0,47.624189323538985
2005-07-01,8,0,81.09473738435165
2005-08-01,8,0,64.83389669767834
2005-09-01,8,0,26.532643912708846
2005-10-01,8,0,3.058890676924221
2005-11-01,8,0,0.048555637533607914
2005-12-01,8,0,0.0027419572797491034
2006-01-01,8,0,0.0
2006-02-01,8,0,0.00010728250497245607
2006-03-01,8,0,0.31711813190828436
2006-04-01,8,0,1.4215881943023243
2006-05-01,8,0,16.137628449895246
2006-06-01,8,0,48.654975124113776
2006-07-01,8,0,94.23387896064617
2006-08-01,8,0,71.69115694898724
2006-09-01,8,0,32.380263766054675
2006-10-01,8,0,6.388150895219393
2006-11-01,8,0,0.07753273317017635
2006-12-01,8,0,0.00033923395032832546
2007-01-01,8,0,0.0015490274185905326
2007-02-01,8,0,0.011630504558992663
2007-03-01,8,0,0.08608158930011828
2007-04-01,8,0,1.9171036274087876
2007-05-01,8,0,12.191095708960999
2007-06-01,8,0,45.57903797734992
2007-07-01,8,0,93.5189904384477
2007-08-01,8,0,79.02668283233784
2007-09-01,8,0,23.63938677566406
2007-10-01,8,0,4.646169321596818
2007-11-01,8,0,0.37019252479514486
2007-12-01,8,0,0.0011383454932470775
2008-01-01,8,0,0.00091690729372628
2008-02-01,8,0,0.002710072670495427
2008-03-01,8,0,0.29312730647014495
2008-04-01,8,0,2.2433293770196023
2008-05-01,8,0,8.051581044589254
2008-06-01,8,0,44.7555232910044
2008-07-01,8,0,76.80693088982315
2008-08-01,8,0,87.77251318707194
2008-09-01,8,0,31.69658940793836
2008-10-01,8,0,3.1248768346846663
2008-11-01,8,0,0.3295541656323727
2008-12-01,8,0,0.0024642324667248695
2009-01-01,8,0,0.00032951866915360844
2009-02-01,8,0,0.0
2009-03-01,8,0,0.6432671245876469
2009-04-01,8,0,0.7644079625063867
2009-05-01,8,0,17.14723814745539
2009-06-01,8,0,42.83398813376653
2009-07-01,8,0,86.89278628777458
2009-08-01,8,0,92.68423391532235
2009-09-01,8,0,29.650892439865608
2009-10-01,8,0,8.670810028079337
2009-11-01,8,0,0.34711030463690096
2009-12-01,8,0,0.0017893478376003013
2010-01-01,8,0,0.0009438101494769348
2010-02-01,8,0,0.008975092803368494
2010-03-01,8,0,0.04671225322845254
2010-04-01,8,0,1.8282128742303665
2010-05-01,8,0,8.802662602255847
2010-06-01,8,0,33.47724801296792
2010-07-01,8,0,93.19121202596097
2010-08-01,8,0,92.9022582774927
2010-09-01,8,0,26.653599079518308
2010-10-01,8,0,3.288041999169233
2010-11-01,8,0,0.47103471495065774
2010-12-01,8,0,0.047603555405028974
2011-01-01,8,0,0.0
2011-02-01,8,0,0.02092797531356594
2011-03-01,8,0,0.13792939260366316
2011-04-01,8,0,3.4889739108985056
2011-05-01,8,0,11.102101315245152
2011-06-01,8,0,37.1711632541708
2011-07-01,8,0,72.82397094770761
2011-08-01,8,0,88.9333828448166
2011-09-01,8,0,51.642557667258615
2011-10-01,8,0,10.550910468340232
2011-11-01,8,0,0.04888166631265919
2011-12-01,8,0,0.0
2012-01-01,8,0,0.002954538626880583
2012-02-01,8,0,0.009765839076896302
2012-03-01,8,0,0.7747887591661968
2012-04-01,8,0,1.5830460221455018
2012-05-01,8,0,14.676241737253381
2012-06-01,8,0,61.77389206883137
2012-07-01,8,0,104.2262691127583
2012-08-01,8,0,114.60146194529773
2012-09-01,8,0,37.85859107761402
2012-10-01,8,0,9.66531147036137
2012-11-01,8,0,0.37158069028690766
2012-12-01,8,0,0.0008789135752547036
2013-01-01,8,0,0.00338209084205658
2013-02-01,8,0,0.0041512292326101275
2013-03-01,8,0,0.036514647731116796
2013-04-01,8,0,3.4042401177810726
2013-05-01,8,0,8.062900613760876
2013-06-01,8,0,36.33482307978838
2013-07-01,8,0,84.58468264423186
2013-08-01,8,0,93.85432131152186
2013-09-01,8,0,32.696952069334564
2013-10-01,8,0,7.184604050984717
2013-11-01,8,0,0.4769298484214303
2013-12-01,8,0,0.0001055065514243668
2014-01-01,8,0,0.002049422818674646
2014-02-01,8,0,0.015876637580666864
2014-03-01,8,0,0.26226949516366393
2014-04-01,8,0,2.6079621751060373
2014-05-01,8,0,8.660961780145419
2014-06-01,8,0,37.39932304423655
2014-07-01,8,0,61.80397475387444
2014-08-01,8,0,74.49845849058964
2014-09-01,8,0,29.726142989286277
2014-10-01,8,0,9.853163841938168
2014-11-01,8,0,0.15800399272509735
2014-12-01,8,0,0.0009122913880432648
2015-01-01,8,0,0.0009510073015658416
2015-02-01,8,0,0.0007397911697120261
2015-03-01,8,0,0.8457085974791683
2015-04-01,8,0,1.65034545939446
2015-05-01,8,0,16.87204542394383
2015-06-01,8,0,42.578609267057246
2015-07-01,8,0,122.99850490048937
2015-08-01,8,0,94.7204599550204
2015-09-01,8,0,36.74794008121578
2015-10-01,8,0,4.085221962334896
2015-11-01,8,0,0.46374023774136963
2015-12-01,8,0,0.0052487199169187464
2016-01-01,8,0,0.0020497062325759933
2016-02-01,8,0,0.03110347366467573
2016-03-01,8,0,0.16206952341781633
2016-04-01,8,0,2.3614860220137004
2016-05-01,8,0,6.971998306145406
2016-06-01,8,0,46.78309712828043
2016-07-01,8,0,96.55795431539549
2016-08-01,8,0,85.03340349610875
2016-09-01,8,0,42.528737314148
2016-10-01,8,0,7.254122560337983
2016-11-01,8,0,0.28234931958911397
2016-12-01,8,0,0.0
2017-01-01,8,0,0.0
2017-02-01,8,0,0.0003472077879526883
2017-03-01,8,0,0.8148493330841016
2017-04-01,8,0,3.199051050873414
2017-05-01,8,0,14.034006887280382
2017-06-01,8,0,67.0545861992698
2017-07-01,8,0,97.62145709640971
2017-08-01,8,0,109.88975466979193
2017-09-01,8,0,32.256601210410956
2017-10-01,8,0,11.33130187751667
2017-11-01,8,0,0.13984726398333566
2017-12-01,8,0,0.0010948865809442608
2018-01-01,8,0,0.008989149813400649
2018-02-01,8,0,0.0002718633259891058
2018-03-01,8,0,0.10490261963946314
2018-04-01,8,0,4.33734812785228
2018-05-01,8,0,9.71833631202789
2018-06-01,8,0,37.90591319307042
2018-07-01,8,0,82.71895320408167
2018-08-01,8,0,100.63896208439257
2018-09-01,8,0,47.68882240363736
2018-10-01,8,0,6.216356465990175
2018-11-01,8,0,0.16768595902899658
2018-12-01,8,0,0.0016849191216300123
2019-01-01,8,0,0.00022087272347330275
2019-02-01,8,0,0.05669652225342039
2019-03-01,8,0,0.5760991065228969
2019-04-01,8,0,1.202220604600057
2019-05-01,8,0,9.496994348652738
2019-06-01,8,0,60.110113686939975
2019-07-01,8,0,93.71861167431985
2019-08-01,8,0,101.43547336400181
2019-09-01,8,0,37.7811410921249
2019-10-01,8,0,10.465230057482993
2019-11-01,8,0,0.4940708919499333
2019-12-01,8,0,0.0007881313331340812
2020-01-01,8,0,0.0
2020-02-01,8,0,0.07502015626414325
2020-03-01,8,0,0.45665832974054466
2020-04-01,8,0,0.928607733215087
2020-05-01,8,0,16.204264600394815
2020-06-01,8,0,32.32089765553005
2020-07-01,8,0,95.01131773636048
2020-08-01,8,0,97.95136775622603
2020-09-01,8,0,45.95432734458586
2020-10-01,8,0,7.344878843157069
2020-11-01,8,0,0.3398033005781797
2020-12-01,8,0,0.001747057263232002
2021-01-01,8,0,0.02819748691374418
2021-02-01,8,0,0.005339937453569922
2021-03-01,8,0,0.39301370492271925
2021-04-01,8,0,0.8708472817399264
2021-05-01,8,0,10.300132751137289
2021-06-01,8,0,50.36035080003937
2021-07-01,8,0,99.42975809585806
2021-08-01,8,0,104.47551037870764
2021-09-01,8,0,35.53690787669627
2021-10-01,8,0,5.367341056238639
2021-11-01,8,0,0.28635062426501956
2021-12-01,8,0,0.005371948235496995
2022-01-01,8,0,0.0013746886335457536
2022-02-01,8,0,0.05616635942392325
2022-03-01,8,0,0.011447422777027167
2022-04-01,8,0,1.4901390781461568
2022-05-01,8,0,22.797765334964858
2022-06-01,8,0,69.03693850548319
2022-07-01,8,0,123.74060879083943
2022-08-01,8,0,106.27312237849796
2022-09-01,8,0,39.483467518485575
2022-10-01,8,0,10.83015959200428
2022-11-01,8,0,0.583988161927292
2022-12-01,8,0,0.004213637326191616
2023-01-01,8,0,0.00039886485935422116
2023-02-01,8,0,0.0061900824365918854
2023-03-01,8,0,1.2876735700824318
2023-04-01,8,0,5.527125032040823
2023-05-01,8,0,7.322955500267899
2023-06-01,8,0,42.656100133235846
2023-07-01,8,0,120.53654116792833
2023-08-01,8,0,112.91713530182821
2023-09-01,8,0,46.138285512142744
2023-10-01,8,0,19.35912580659357
2023-11-01,8,0,1.0515599864385725
2023-12-01,8,0,0.018199742495908774
