time,transnational_regions,realization,t2m
1940-01-01,8,0,274.07592042314906
1940-02-01,8,0,277.55636609286967
1940-03-01,8,0,280.15272797867885
1940-04-01,8,0,283.8238410236363
1940-05-01,8,0,288.0693101824522
1940-06-01,8,0,291.68241210363146
1940-07-01,8,0,294.69087429457807
1940-08-01,8,0,294.46078209747697
1940-09-01,8,0,291.35615565938383
1940-10-01,8,0,286.78898161360485
1940-11-01,8,0,282.2107658312903
1940-12-01,8,0,273.8626429419051
1941-01-01,8,0,276.0104424367413
1941-02-01,8,0,279.01046608061233
1941-03-01,8,0,280.61945508172903
1941-04-01,8,0,283.43030761095986
1941-05-01,8,0,286.9905987826126
1941-06-01,8,0,292.8792489176542
1941-07-01,8,0,295.81569723511296
1941-08-01,8,0,294.9435330555174
1941-09-01,8,0,290.403130239499
1941-10-01,8,0,285.78630957328335
1941-11-01,8,0,280.2567309454058
1941-12-01,8,0,276.16722248255945
1942-01-01,8,0,273.12582954240634
1942-02-01,8,0,275.80853049013774
1942-03-01,8,0,280.91074786824277
1942-04-01,8,0,284.39438298307135
1942-05-01,8,0,288.9378647771995
1942-06-01,8,0,293.1972722629355
1942-07-01,8,0,295.0942809451475
1942-08-01,8,0,295.4514027345691
1942-09-01,8,0,292.9834887902599
1942-10-01,8,0,287.74494064092335
1942-11-01,8,0,280.9743993129913
1942-12-01,8,0,278.85509489915484
1943-01-01,8,0,276.50204840385106
1943-02-01,8,0,278.5081195209814
1943-03-01,8,0,280.595673951144
1943-04-01,8,0,285.0576120232793
1943-05-01,8,0,288.81425182198706
1943-06-01,8,0,292.69619358727357
1943-07-01,8,0,295.4430367577048
1943-08-01,8,0,296.52700144134826
1943-09-01,8,0,293.08086328041
1943-10-01,8,0,287.93986751361325
1943-11-01,8,0,281.61616424022566
1943-12-01,8,0,278.9937016286169
1944-01-01,8,0,277.0262419915051
1944-02-01,8,0,276.3074507808368
1944-03-01,8,0,279.0852841321472
1944-04-01,8,0,284.86671037115093
1944-05-01,8,0,288.74029289343395
1944-06-01,8,0,292.3781489564886
1944-07-01,8,0,295.02474330728404
1944-08-01,8,0,295.8850566718836
1944-09-01,8,0,292.14735616812374
1944-10-01,8,0,286.5084495913619
1944-11-01,8,0,281.8793200988923
1944-12-01,8,0,277.34688771861966
1945-01-01,8,0,273.7889492377586
1945-02-01,8,0,277.8762618173828
1945-03-01,8,0,280.76924596156
1945-04-01,8,0,285.73876390108717
1945-05-01,8,0,290.3737182773677
1945-06-01,8,0,294.11274970383363
1945-07-01,8,0,296.3758076958918
1945-08-01,8,0,295.56930136308256
1945-09-01,8,0,292.7047994683345
1945-10-01,8,0,286.9035054387033
1945-11-01,8,0,282.24533427458
1945-12-01,8,0,278.49737218759486
1946-01-01,8,0,275.9245860343534
1946-02-01,8,0,278.253841162289
1946-03-01,8,0,280.9187568608136
1946-04-01,8,0,284.848001494961
1946-05-01,8,0,288.2095344987462
1946-06-01,8,0,292.74347555517215
1946-07-01,8,0,296.4826694954845
1946-08-01,8,0,296.6172623733553
1946-09-01,8,0,293.82902638952316
1946-10-01,8,0,286.97050532358276
1946-11-01,8,0,282.90215114768387
1946-12-01,8,0,276.5917739827977
1947-01-01,8,0,274.5785856900683
1947-02-01,8,0,278.4458830010435
1947-03-01,8,0,282.82466223597123
1947-04-01,8,0,286.0450372560302
1947-05-01,8,0,289.3585212733277
1947-06-01,8,0,293.9158176251718
1947-07-01,8,0,296.3557163537836
1947-08-01,8,0,296.1454289404643
1947-09-01,8,0,292.74976248463065
1947-10-01,8,0,287.19437956915976
1947-11-01,8,0,283.4557031688337
1947-12-01,8,0,277.9415221661088
1948-01-01,8,0,279.53267809816987
1948-02-01,8,0,277.9140513081436
1948-03-01,8,0,281.3219149552828
1948-04-01,8,0,284.1687599024224
1948-05-01,8,0,288.22521082307145
1948-06-01,8,0,291.5775337232277
1948-07-01,8,0,293.61596732490966
1948-08-01,8,0,295.21744221536494
1948-09-01,8,0,291.8697976543349
1948-10-01,8,0,287.68572189776296
1948-11-01,8,0,282.60001218929517
1948-12-01,8,0,277.82960041159595
1949-01-01,8,0,277.6630172842621
1949-02-01,8,0,278.22000427358114
1949-03-01,8,0,278.92291658709166
1949-04-01,8,0,285.4590179740892
1949-05-01,8,0,288.00513066130804
1949-06-01,8,0,292.18426141250495
1949-07-01,8,0,295.4722313306207
1949-08-01,8,0,295.1729736922618
1949-09-01,8,0,292.2127431232675
1949-10-01,8,0,287.6758637616912
1949-11-01,8,0,282.75205000537426
1949-12-01,8,0,279.3292871762685
1950-01-01,8,0,276.21332968769775
1950-02-01,8,0,279.3335204544603
1950-03-01,8,0,281.51264952483524
1950-04-01,8,0,284.570700850291
1950-05-01,8,0,288.9992414044833
1950-06-01,8,0,294.04598254012205
1950-07-01,8,0,297.64538858153884
1950-08-01,8,0,296.0911228219377
1950-09-01,8,0,292.71609326502266
1950-10-01,8,0,287.40456715857715
1950-11-01,8,0,282.9334175374185
1950-12-01,8,0,278.6750326525212
1951-01-01,8,0,278.42310993231456
1951-02-01,8,0,279.2165379614345
1951-03-01,8,0,281.1955669215173
1951-04-01,8,0,284.4358829892471
1951-05-01,8,0,287.63828450232324
1951-06-01,8,0,292.6463521897517
1951-07-01,8,0,295.14640713776157
1951-08-01,8,0,295.3366590572867
1951-09-01,8,0,292.7017956197589
1951-10-01,8,0,285.5737281828236
1951-11-01,8,0,283.27622426556286
1951-12-01,8,0,279.2680545384654
1952-01-01,8,0,276.9188445304052
1952-02-01,8,0,277.57278859804524
1952-03-01,8,0,281.37777795991263
1952-04-01,8,0,285.6851352830188
1952-05-01,8,0,288.52364033012134
1952-06-01,8,0,293.71744577127055
1952-07-01,8,0,296.29578666473986
1952-08-01,8,0,296.39557260548855
1952-09-01,8,0,291.69671573725066
1952-10-01,8,0,287.5553592456565
1952-11-01,8,0,282.00495088955415
1952-12-01,8,0,279.1827613964178
1953-01-01,8,0,276.00887238877556
1953-02-01,8,0,277.48591283342
1953-03-01,8,0,280.0245814784498
1953-04-01,8,0,284.98972804452876
1953-05-01,8,0,289.16988221700694
1953-06-01,8,0,291.8595224689142
1953-07-01,8,0,295.6512494190265
1953-08-01,8,0,295.32979106525227
1953-09-01,8,0,292.3866308143755
1953-10-01,8,0,287.50411314864095
1953-11-01,8,0,281.60407473909777
1953-12-01,8,0,279.5627956018749
1954-01-01,8,0,274.9285226970798
1954-02-01,8,0,275.82154892629376
1954-03-01,8,0,281.3778324608894
1954-04-01,8,0,283.1300079842151
1954-05-01,8,0,287.71893202104815
1954-06-01,8,0,292.95197532608154
1954-07-01,8,0,294.52503279049427
1954-08-01,8,0,294.2826355172094
1954-09-01,8,0,292.65924517847225
1954-10-01,8,0,287.41395484942393
1954-11-01,8,0,282.7758807722794
1954-12-01,8,0,279.5384885133584
1955-01-01,8,0,280.2006987794079
1955-02-01,8,0,280.0389077043233
1955-03-01,8,0,280.2117994737859
1955-04-01,8,0,284.0724275510431
1955-05-01,8,0,289.3036671017149
1955-06-01,8,0,292.63354621605515
1955-07-01,8,0,295.2494459911444
1955-08-01,8,0,294.35533353391304
1955-09-01,8,0,291.46229211083175
1955-10-01,8,0,287.0855921102747
1955-11-01,8,0,281.9997455826578
1955-12-01,8,0,280.7053722223968
1956-01-01,8,0,278.73619426767766
1956-02-01,8,0,273.18241328979866
1956-03-01,8,0,279.4583510453222
1956-04-01,8,0,283.7518214871061
1956-05-01,8,0,288.4395445890891
1956-06-01,8,0,291.36995902558266
1956-07-01,8,0,294.91446740042164
1956-08-01,8,0,295.30651804695185
1956-09-01,8,0,292.2055372075972
1956-10-01,8,0,286.3958326344003
1956-11-01,8,0,280.4678044995998
1956-12-01,8,0,277.5639275701145
1957-01-01,8,0,276.30554755638013
1957-02-01,8,0,280.6209507983602
1957-03-01,8,0,282.35090069010096
1957-04-01,8,0,284.27861256555695
1957-05-01,8,0,287.0244941213315
1957-06-01,8,0,292.6248375551836
1957-07-01,8,0,295.20219984188464
1957-08-01,8,0,295.1000422308341
1957-09-01,8,0,291.7087770077642
1957-10-01,8,0,287.0558706686521
1957-11-01,8,0,282.35333605425745
1957-12-01,8,0,277.8601925244494
1958-01-01,8,0,277.63021730023206
1958-02-01,8,0,280.6280878813376
1958-03-01,8,0,279.8337316078241
1958-04-01,8,0,282.9703620647408
1958-05-01,8,0,290.03051808199245
1958-06-01,8,0,292.0552003820276
1958-07-01,8,0,295.08940153734727
1958-08-01,8,0,295.64968609899347
1958-09-01,8,0,292.31086239187994
1958-10-01,8,0,286.94246345800843
1958-11-01,8,0,282.72715019092084
1958-12-01,8,0,280.4745296866138
1959-01-01,8,0,278.0164053832407
1959-02-01,8,0,277.9859730613325
1959-03-01,8,0,282.5124299447184
1959-04-01,8,0,284.59128041552424
1959-05-01,8,0,288.10268469894004
1959-06-01,8,0,292.0248151662943
1959-07-01,8,0,295.67795935852934
1959-08-01,8,0,294.549287167405
1959-09-01,8,0,290.8525635908144
1959-10-01,8,0,285.77626200731225
1959-11-01,8,0,281.981272699503
1959-12-01,8,0,280.36619512230016
1960-01-01,8,0,277.8472173323636
1960-02-01,8,0,279.4097208436209
1960-03-01,8,0,281.6067778872987
1960-04-01,8,0,284.4481664864869
1960-05-01,8,0,288.870706683099
1960-06-01,8,0,293.0448961276117
1960-07-01,8,0,294.3037069974875
1960-08-01,8,0,294.9244150355828
1960-09-01,8,0,290.84092552961914
1960-10-01,8,0,287.3075431724207
1960-11-01,8,0,283.7719765874077
1960-12-01,8,0,279.65756311996347
1961-01-01,8,0,277.46955415466715
1961-02-01,8,0,279.96295005950583
1961-03-01,8,0,282.7554718564372
1961-04-01,8,0,286.6113689621727
1961-05-01,8,0,288.8959759960992
1961-06-01,8,0,292.8368489855559
1961-07-01,8,0,294.989744516579
1961-08-01,8,0,295.2887637426509
1961-09-01,8,0,292.9593201764241
1961-10-01,8,0,287.50991368225993
1961-11-01,8,0,283.06457369918587
1961-12-01,8,0,279.3471665480255
1962-01-01,8,0,278.9554148406002
1962-02-01,8,0,277.7058918553704
1962-03-01,8,0,280.0831667519865
1962-04-01,8,0,284.493997015903
1962-05-01,8,0,288.63983647996554
1962-06-01,8,0,291.97178628461995
1962-07-01,8,0,295.2314586785725
1962-08-01,8,0,296.7480130510884
1962-09-01,8,0,292.70639792804934
1962-10-01,8,0,287.8326890590723
1962-11-01,8,0,282.05007748008734
1962-12-01,8,0,277.01854847856276
1963-01-01,8,0,275.4410185521008
1963-02-01,8,0,276.5727159424546
1963-03-01,8,0,280.0350967700533
1963-04-01,8,0,284.3503134097127
1963-05-01,8,0,288.01996167031507
1963-06-01,8,0,292.18763588374543
1963-07-01,8,0,295.69261784954347
1963-08-01,8,0,294.96521174018267
1963-09-01,8,0,291.6495345808963
1963-10-01,8,0,287.1975883657941
1963-11-01,8,0,284.40643853476615
1963-12-01,8,0,278.03370121868045
1964-01-01,8,0,275.7065253640896
1964-02-01,8,0,278.39645708166233
1964-03-01,8,0,280.91118362638065
1964-04-01,8,0,284.40052694854126
1964-05-01,8,0,289.4107107568988
1964-06-01,8,0,293.153036353903
1964-07-01,8,0,295.16977301130146
1964-08-01,8,0,294.5119052280244
1964-09-01,8,0,292.2041860890597
1964-10-01,8,0,286.67733704403554
1964-11-01,8,0,282.7993970511707
1964-12-01,8,0,278.49222378341244
1965-01-01,8,0,277.766995031095
1965-02-01,8,0,275.5852705953672
1965-03-01,8,0,280.87613939580433
1965-04-01,8,0,283.5396612007322
1965-05-01,8,0,288.41712684324216
1965-06-01,8,0,292.86644016922696
1965-07-01,8,0,294.87595904239237
1965-08-01,8,0,293.98882829021943
1965-09-01,8,0,290.8073915066611
1965-10-01,8,0,286.86452839644573
1965-11-01,8,0,282.4090609198728
1965-12-01,8,0,279.8343302929329
1966-01-01,8,0,277.57271136843144
1966-02-01,8,0,281.63283637898417
1966-03-01,8,0,280.58179591523776
1966-04-01,8,0,285.25243695952236
1966-05-01,8,0,288.58459788066443
1966-06-01,8,0,292.3121563375488
1966-07-01,8,0,294.28081865792353
1966-08-01,8,0,294.79538944192143
1966-09-01,8,0,292.3182182881248
1966-10-01,8,0,288.49616509903746
1966-11-01,8,0,281.15856096264207
1966-12-01,8,0,278.68376903842193
1967-01-01,8,0,276.4424627842674
1967-02-01,8,0,278.40930614308564
1967-03-01,8,0,282.0916856422972
1967-04-01,8,0,283.8030966372901
1967-05-01,8,0,288.3036555721611
1967-06-01,8,0,291.22712568800296
1967-07-01,8,0,295.77037485598186
1967-08-01,8,0,295.38196875500887
1967-09-01,8,0,291.8203887112689
1967-10-01,8,0,288.7118546345665
1967-11-01,8,0,283.25369225936765
1967-12-01,8,0,277.86980598853165
1968-01-01,8,0,276.6711613890568
1968-02-01,8,0,279.83996198223144
1968-03-01,8,0,281.0419620454046
1968-04-01,8,0,285.62071803813296
1968-05-01,8,0,289.28029750347
1968-06-01,8,0,292.30552607000885
1968-07-01,8,0,295.0747644189572
1968-08-01,8,0,293.6894193294364
1968-09-01,8,0,291.4201311619246
1968-10-01,8,0,288.0452364737645
1968-11-01,8,0,283.0678570372254
1968-12-01,8,0,278.4964352566294
1969-01-01,8,0,277.46386185143945
1969-02-01,8,0,278.06899897660594
1969-03-01,8,0,280.8262707615728
1969-04-01,8,0,283.9477130690415
1969-05-01,8,0,289.43806554088883
1969-06-01,8,0,291.3892919678196
1969-07-01,8,0,294.5152191418261
1969-08-01,8,0,294.45400676681777
1969-09-01,8,0,291.2325589030191
1969-10-01,8,0,287.2803740784316
1969-11-01,8,0,283.1986584305462
1969-12-01,8,0,277.522347560187
1970-01-01,8,0,279.34576837866825
1970-02-01,8,0,279.10420153544396
1970-03-01,8,0,280.3562879654139
1970-04-01,8,0,284.48567967826114
1970-05-01,8,0,287.519877289342
1970-06-01,8,0,292.6007763821602
1970-07-01,8,0,294.96359747209436
1970-08-01,8,0,294.9414298064062
1970-09-01,8,0,292.59841856094346
1970-10-01,8,0,286.35498052854143
1970-11-01,8,0,283.7250421359432
1970-12-01,8,0,277.96089396314187
1971-01-01,8,0,278.309047273377
1971-02-01,8,0,278.8468713060429
1971-03-01,8,0,278.9674012517046
1971-04-01,8,0,284.75552774634446
1971-05-01,8,0,288.4823627354634
1971-06-01,8,0,291.50501700374036
1971-07-01,8,0,294.7118930521442
1971-08-01,8,0,295.57267956481746
1971-09-01,8,0,290.86370611676386
1971-10-01,8,0,286.87194632307177
1971-11-01,8,0,281.29190987632245
1971-12-01,8,0,279.0522829931048
1972-01-01,8,0,277.74636979017146
1972-02-01,8,0,279.6027678200015
1972-03-01,8,0,281.970166819493
1972-04-01,8,0,284.72317691626404
1972-05-01,8,0,287.77681536070645
1972-06-01,8,0,292.10013432332096
1972-07-01,8,0,294.32600776013055
1972-08-01,8,0,293.7257919658974
1972-09-01,8,0,289.4322883453485
1972-10-01,8,0,285.3993006045928
1972-11-01,8,0,282.81936914067154
1972-12-01,8,0,278.7502878887187
1973-01-01,8,0,277.5590805365693
1973-02-01,8,0,278.41769191187274
1973-03-01,8,0,279.8343365443452
1973-04-01,8,0,283.3109491953352
1973-05-01,8,0,289.2616508286354
1973-06-01,8,0,292.3817103822182
1973-07-01,8,0,294.87478805436604
1973-08-01,8,0,295.1228401578819
1973-09-01,8,0,292.39874512266897
1973-10-01,8,0,286.7635881014893
1973-11-01,8,0,281.7192827430017
1973-12-01,8,0,278.3715283366744
1974-01-01,8,0,278.8799858666511
1974-02-01,8,0,279.8256835234812
1974-03-01,8,0,281.53794379814843
1974-04-01,8,0,283.2564659860761
1974-05-01,8,0,287.9828506077307
1974-06-01,8,0,291.7275229540887
1974-07-01,8,0,294.81164709674226
1974-08-01,8,0,295.1234239433211
1974-09-01,8,0,291.53831138874614
1974-10-01,8,0,284.9351515071734
1974-11-01,8,0,282.0706968383786
1974-12-01,8,0,279.2622070777794
1975-01-01,8,0,278.82957961044485
1975-02-01,8,0,278.6803936382136
1975-03-01,8,0,281.20812709294194
1975-04-01,8,0,284.4147159329192
1975-05-01,8,0,288.06061438117365
1975-06-01,8,0,291.5240038529943
1975-07-01,8,0,295.16931503308683
1975-08-01,8,0,294.47963852252235
1975-09-01,8,0,292.2345738523658
1975-10-01,8,0,286.55614361634775
1975-11-01,8,0,281.6827961140905
1975-12-01,8,0,278.51583790948723
1976-01-01,8,0,277.8458874227374
1976-02-01,8,0,278.6859012424127
1976-03-01,8,0,280.3617163350948
1976-04-01,8,0,283.7037072416499
1976-05-01,8,0,288.58133158004927
1976-06-01,8,0,292.63016319679775
1976-07-01,8,0,294.59937944038415
1976-08-01,8,0,292.9750563478748
1976-09-01,8,0,290.13715941355497
1976-10-01,8,0,286.76448040839693
1976-11-01,8,0,281.77624633425
1976-12-01,8,0,279.246420378272
1977-01-01,8,0,278.6900335189315
1977-02-01,8,0,281.4164866332309
1977-03-01,8,0,282.8303326898348
1977-04-01,8,0,284.49785079682215
1977-05-01,8,0,288.14793253385517
1977-06-01,8,0,291.37566199556977
1977-07-01,8,0,294.20579557516703
1977-08-01,8,0,293.6896379883051
1977-09-01,8,0,290.81794144649257
1977-10-01,8,0,287.31552290202103
1977-11-01,8,0,282.88525473163565
1977-12-01,8,0,278.77158640853065
1978-01-01,8,0,277.62588770673574
1978-02-01,8,0,279.3607998592413
1978-03-01,8,0,281.78065108214815
1978-04-01,8,0,283.24209134235116
1978-05-01,8,0,287.0766031492518
1978-06-01,8,0,291.14918644135554
1978-07-01,8,0,294.17047796464635
1978-08-01,8,0,294.0148809374408
1978-09-01,8,0,291.3708552734267
1978-10-01,8,0,286.5214983993144
1978-11-01,8,0,280.8266373931167
1978-12-01,8,0,280.158198081647
1979-01-01,8,0,277.3117985615619
1979-02-01,8,0,279.36583426918594
1979-03-01,8,0,281.7693458042611
1979-04-01,8,0,283.14408743352317
1979-05-01,8,0,288.41779994995323
1979-06-01,8,0,293.1621331245394
1979-07-01,8,0,294.61201539894284
1979-08-01,8,0,294.0617278714779
1979-09-01,8,0,291.3733035525188
1979-10-01,8,0,286.64192373296765
1979-11-01,8,0,281.9843986682672
1979-12-01,8,0,280.03874757367413
1980-01-01,8,0,276.88956911343524
1980-02-01,8,0,279.2913876748628
1980-03-01,8,0,281.0471346040823
1980-04-01,8,0,283.17630842658133
1980-05-01,8,0,286.770030728438
1980-06-01,8,0,291.5660539295172
1980-07-01,8,0,293.9707697219183
1980-08-01,8,0,295.25754600098696
1980-09-01,8,0,292.2477933328113
1980-10-01,8,0,287.17501448046136
1980-11-01,8,0,282.2615613779119
1980-12-01,8,0,277.57531997339964
1981-01-01,8,0,276.2078118293008
1981-02-01,8,0,277.6509515443064
1981-03-01,8,0,283.090881741266
1981-04-01,8,0,284.68339442375446
1981-05-01,8,0,287.79098255862436
1981-06-01,8,0,293.369924056806
1981-07-01,8,0,294.21512885776906
1981-08-01,8,0,294.61780644986413
1981-09-01,8,0,292.1252592496513
1981-10-01,8,0,288.3230845486359
1981-11-01,8,0,281.7635240218759
1981-12-01,8,0,280.00168833035804
1982-01-01,8,0,278.79859140538156
1982-02-01,8,0,278.16441965768684
1982-03-01,8,0,280.69083484966814
1982-04-01,8,0,283.89476024926694
1982-05-01,8,0,288.70659224167576
1982-06-01,8,0,293.5058462977864
1982-07-01,8,0,295.4627354624412
1982-08-01,8,0,294.83783490513497
1982-09-01,8,0,292.9397913384497
1982-10-01,8,0,287.257841140877
1982-11-01,8,0,282.44039751823993
1982-12-01,8,0,279.69367747023955
1983-01-01,8,0,278.4156017005252
1983-02-01,8,0,276.92577116205314
1983-03-01,8,0,281.9512558703724
1983-04-01,8,0,285.0236362978801
1983-05-01,8,0,288.517530169358
1983-06-01,8,0,292.3517939565027
1983-07-01,8,0,296.10773905530846
1983-08-01,8,0,294.31090177596286
1983-09-01,8,0,292.36161372869685
1983-10-01,8,0,287.249902222218
1983-11-01,8,0,282.5360475170945
1983-12-01,8,0,278.94938611222767
1984-01-01,8,0,278.4085758242833
1984-02-01,8,0,278.0091242051209
1984-03-01,8,0,279.8212522645472
1984-04-01,8,0,284.1188351582197
1984-05-01,8,0,286.77337002821764
1984-06-01,8,0,291.44921779421816
1984-07-01,8,0,294.90051836498105
1984-08-01,8,0,293.76522343339104
1984-09-01,8,0,291.33809645229337
1984-10-01,8,0,287.73411550368894
1984-11-01,8,0,283.2921584433981
1984-12-01,8,0,279.02470810090597
1985-01-01,8,0,275.57177685424074
1985-02-01,8,0,278.10153623887675
1985-03-01,8,0,280.4190251343852
1985-04-01,8,0,285.1478451124006
1985-05-01,8,0,288.4158489095017
1985-06-01,8,0,292.2471984550093
1985-07-01,8,0,295.72474153090565
1985-08-01,8,0,295.2257959236829
1985-09-01,8,0,292.9322644099749
1985-10-01,8,0,287.52411675639206
1985-11-01,8,0,281.9758587770491
1985-12-01,8,0,280.2050154730383
1986-01-01,8,0,278.3086766824511
1986-02-01,8,0,277.33062027465166
1986-03-01,8,0,281.1534279436673
1986-04-01,8,0,284.04734659970484
1986-05-01,8,0,290.036454278304
1986-06-01,8,0,292.4321439641608
1986-07-01,8,0,294.9031353894146
1986-08-01,8,0,295.449204202488
1986-09-01,8,0,292.1817556364996
1986-10-01,8,0,287.6889683642554
1986-11-01,8,0,282.1529444413053
1986-12-01,8,0,278.0716941974939
1987-01-01,8,0,276.77571162444974
1987-02-01,8,0,279.0101219657464
1987-03-01,8,0,279.078373142532
1987-04-01,8,0,284.8298857436604
1987-05-01,8,0,287.486552091976
1987-06-01,8,0,292.3829343007828
1987-07-01,8,0,295.76938594006305
1987-08-01,8,0,295.3072903591443
1987-09-01,8,0,294.26152898160285
1987-10-01,8,0,287.5727024715445
1987-11-01,8,0,282.6909404194171
1987-12-01,8,0,280.1546264699291
1988-01-01,8,0,280.1850774928092
1988-02-01,8,0,279.1591619530102
1988-03-01,8,0,281.3267363609401
1988-04-01,8,0,284.59772771129064
1988-05-01,8,0,288.9005404617538
1988-06-01,8,0,291.8615893173428
1988-07-01,8,0,296.3587410127599
1988-08-01,8,0,295.9899020367696
1988-09-01,8,0,292.0915646623195
1988-10-01,8,0,287.847616085332
1988-11-01,8,0,280.61950377802737
1988-12-01,8,0,278.35269965720187
1989-01-01,8,0,277.56140956537075
1989-02-01,8,0,280.0552971552015
1989-03-01,8,0,283.4196053613072
1989-04-01,8,0,284.88282880361606
1989-05-01,8,0,288.77954470142197
1989-06-01,8,0,291.9901961580515
1989-07-01,8,0,295.70007870222867
1989-08-01,8,0,295.46803042820864
1989-09-01,8,0,291.54456729303615
1989-10-01,8,0,287.0451798452981
1989-11-01,8,0,282.4509364001193
1989-12-01,8,0,280.28626762099634
1990-01-01,8,0,277.71940638256535
1990-02-01,8,0,281.71523609707447
1990-03-01,8,0,283.2864165192059
1990-04-01,8,0,284.2150521351208
1990-05-01,8,0,289.3857292216313
1990-06-01,8,0,292.70410323301536
1990-07-01,8,0,295.7759118407606
1990-08-01,8,0,295.3945279236488
1990-09-01,8,0,291.9758161077782
1990-10-01,8,0,288.19143224978666
1990-11-01,8,0,282.88724944775595
1990-12-01,8,0,277.88502079569946
1991-01-01,8,0,277.6805923605755
1991-02-01,8,0,277.3489124946335
1991-03-01,8,0,282.75157429783707
1991-04-01,8,0,283.39909948328466
1991-05-01,8,0,286.59901072855814
1991-06-01,8,0,292.6159172258631
1991-07-01,8,0,295.60667739548904
1991-08-01,8,0,295.83132126111866
1991-09-01,8,0,292.77911710970466
1991-10-01,8,0,286.3779995825291
1991-11-01,8,0,282.25640539938604
1991-12-01,8,0,277.08628933906857
1992-01-01,8,0,277.0782037463139
1992-02-01,8,0,278.4061916652043
1992-03-01,8,0,281.55456631313416
1992-04-01,8,0,284.8437842579975
1992-05-01,8,0,289.1494982963113
1992-06-01,8,0,291.05642863771766
1992-07-01,8,0,294.8082023100519
1992-08-01,8,0,296.6269536224023
1992-09-01,8,0,291.8759558164629
1992-10-01,8,0,287.17151117156465
1992-11-01,8,0,283.59774554314845
1992-12-01,8,0,278.90151951834207
1993-01-01,8,0,277.76854883089834
1993-02-01,8,0,277.523689062357
1993-03-01,8,0,280.62546516884373
1993-04-01,8,0,284.5256522306365
1993-05-01,8,0,288.97113333213656
1993-06-01,8,0,293.1561047461164
1993-07-01,8,0,294.99043628547565
1993-08-01,8,0,295.810227657092
1993-09-01,8,0,291.2014545050383
1993-10-01,8,0,287.3476775507769
1993-11-01,8,0,281.1103752173662
1993-12-01,8,0,280.1783891950802
1994-01-01,8,0,279.3068092710489
1994-02-01,8,0,279.03500089168017
1994-03-01,8,0,283.7108496760212
1994-04-01,8,0,284.50881338012357
1994-05-01,8,0,289.54643798560915
1994-06-01,8,0,293.1392808523246
1994-07-01,8,0,296.7208714078971
1994-08-01,8,0,296.9132207169087
1994-09-01,8,0,292.72169738590986
1994-10-01,8,0,287.7815273715489
1994-11-01,8,0,283.8536757907905
1994-12-01,8,0,279.7785612767009
1995-01-01,8,0,278.05499114992915
1995-02-01,8,0,281.32766748192284
1995-03-01,8,0,281.4200365480856
1995-04-01,8,0,284.6903524763693
1995-05-01,8,0,289.0712900602742
1995-06-01,8,0,292.60779523775
1995-07-01,8,0,296.43205496987287
1995-08-01,8,0,294.9690254533083
1995-09-01,8,0,290.6513061396664
1995-10-01,8,0,288.2790013574232
1995-11-01,8,0,282.1253136488996
1995-12-01,8,0,280.33538636440784
1996-01-01,8,0,279.1188492902961
1996-02-01,8,0,277.6076273129197
1996-03-01,8,0,279.98736114775795
1996-04-01,8,0,284.7090910275144
1996-05-01,8,0,289.27732415381695
1996-06-01,8,0,293.6413039449459
1996-07-01,8,0,295.11908199543257
1996-08-01,8,0,294.7864695496936
1996-09-01,8,0,289.8512710581318
1996-10-01,8,0,286.80571920186264
1996-11-01,8,0,283.35284351802096
1996-12-01,8,0,279.6802663537711
1997-01-01,8,0,278.97954516959845
1997-02-01,8,0,280.49193328296946
1997-03-01,8,0,282.7471443384439
1997-04-01,8,0,283.79264205134393
1997-05-01,8,0,289.5859189721082
1997-06-01,8,0,292.99755082496296
1997-07-01,8,0,294.81479801245234
1997-08-01,8,0,294.9646654973935
1997-09-01,8,0,292.2344999302518
1997-10-01,8,0,287.42367091715107
1997-11-01,8,0,283.2589652453553
1997-12-01,8,0,279.81741347326806
1998-01-01,8,0,279.28683706921515
1998-02-01,8,0,280.81988306117216
1998-03-01,8,0,281.5218096524554
1998-04-01,8,0,285.04272692771167
1998-05-01,8,0,288.7780889129692
1998-06-01,8,0,293.75633378873545
1998-07-01,8,0,296.40855472504006
1998-08-01,8,0,296.5072539641152
1998-09-01,8,0,291.7850185850954
1998-10-01,8,0,287.5808596159585
1998-11-01,8,0,281.6860175641391
1998-12-01,8,0,277.52017710086005
1999-01-01,8,0,278.4766601948472
1999-02-01,8,0,278.1557885347819
1999-03-01,8,0,282.1464317887736
1999-04-01,8,0,285.4588151816312
1999-05-01,8,0,290.29810276620947
1999-06-01,8,0,293.62568772708846
1999-07-01,8,0,296.0385904133743
1999-08-01,8,0,296.2592246989975
1999-09-01,8,0,292.802931173336
1999-10-01,8,0,288.29491183529933
1999-11-01,8,0,281.71931975307336
1999-12-01,8,0,279.60832848068435
2000-01-01,8,0,276.23721796480595
2000-02-01,8,0,280.30110790987794
2000-03-01,8,0,282.1539552895915
2000-04-01,8,0,285.6034791631414
2000-05-01,8,0,290.34197827642015
2000-06-01,8,0,294.07308636265543
2000-07-01,8,0,295.4338433691665
2000-08-01,8,0,296.2924578349118
2000-09-01,8,0,292.3382333976076
2000-10-01,8,0,287.7325053540831
2000-11-01,8,0,283.914781184307
2000-12-01,8,0,280.91339404202563
2001-01-01,8,0,279.9115380048261
2001-02-01,8,0,280.07717423994455
2001-03-01,8,0,284.6880861214206
2001-04-01,8,0,284.80113633442755
2001-05-01,8,0,289.8009135938268
2001-06-01,8,0,293.42955926858286
2001-07-01,8,0,295.8983652988851
2001-08-01,8,0,296.6758580976367
2001-09-01,8,0,291.447275888793
2001-10-01,8,0,289.4925506730674
2001-11-01,8,0,281.6432194942191
2001-12-01,8,0,276.3672098742527
2002-01-01,8,0,277.8301566820828
2002-02-01,8,0,281.35434783205767
2002-03-01,8,0,283.31887299756875
2002-04-01,8,0,284.96633254664744
2002-05-01,8,0,289.1252892020099
2002-06-01,8,0,294.29780853713896
2002-07-01,8,0,295.8011295573621
2002-08-01,8,0,294.7533766862918
2002-09-01,8,0,291.05601771569326
2002-10-01,8,0,287.78060640587796
2002-11-01,8,0,284.3455521307687
2002-12-01,8,0,280.1918797947585
2003-01-01,8,0,278.53416105715814
2003-02-01,8,0,276.4870239926625
2003-03-01,8,0,281.7316342836158
2003-04-01,8,0,284.4539788041891
2003-05-01,8,0,290.9144764568231
2003-06-01,8,0,296.16172563050657
2003-07-01,8,0,296.96095039381487
2003-08-01,8,0,298.06910221074503
2003-09-01,8,0,291.9723029395735
2003-10-01,8,0,287.0088717246797
2003-11-01,8,0,283.8218278182624
2003-12-01,8,0,279.33896854420504
2004-01-01,8,0,278.099003211701
2004-02-01,8,0,279.30277347884874
2004-03-01,8,0,281.3399782534452
2004-04-01,8,0,284.8791894500126
2004-05-01,8,0,287.7298592138203
2004-06-01,8,0,293.74822048922266
2004-07-01,8,0,295.79366456895855
2004-08-01,8,0,295.6575585842638
2004-09-01,8,0,292.4877429217571
2004-10-01,8,0,289.1260738071132
2004-11-01,8,0,282.6210389624347
2004-12-01,8,0,280.033205977644
2005-01-01,8,0,277.64877797961515
2005-02-01,8,0,276.66919332531836
2005-03-01,8,0,281.3476449314086
2005-04-01,8,0,285.0552675282077
2005-05-01,8,0,290.1433974619937
2005-06-01,8,0,294.05405101542857
2005-07-01,8,0,296.16777764026824
2005-08-01,8,0,295.0246814368951
2005-09-01,8,0,292.1505785417097
2005-10-01,8,0,287.7958890072126
2005-11-01,8,0,281.97632152816175
2005-12-01,8,0,278.503035749199
2006-01-01,8,0,276.7233486778269
2006-02-01,8,0,278.29339442944524
2006-03-01,8,0,281.7182543443006
2006-04-01,8,0,286.00679095983264
2006-05-01,8,0,290.0383378309772
2006-06-01,8,0,293.6238906387507
2006-07-01,8,0,296.95934211583324
2006-08-01,8,0,295.15506184923834
2006-09-01,8,0,292.8229232981728
2006-10-01,8,0,289.15622491614585
2006-11-01,8,0,283.78116666709985
2006-12-01,8,0,279.7036317349754
2007-01-01,8,0,280.2962976121945
2007-02-01,8,0,281.18170386427965
2007-03-01,8,0,282.52196877866106
2007-04-01,8,0,286.25070339639086
2007-05-01,8,0,290.0650333703446
2007-06-01,8,0,294.01546202280986
2007-07-01,8,0,296.5658847332184
2007-08-01,8,0,295.76011408729937
2007-09-01,8,0,291.44472575107363
2007-10-01,8,0,287.38393913166465
2007-11-01,8,0,281.8165308948238
2007-12-01,8,0,278.5065476739219
2008-01-01,8,0,279.3375210629722
2008-02-01,8,0,280.2834946740843
2008-03-01,8,0,282.5822420025049
2008-04-01,8,0,285.5576004368273
2008-05-01,8,0,289.2842916044708
2008-06-01,8,0,293.6703849283355
2008-07-01,8,0,295.9424096065302
2008-08-01,8,0,296.3334485460265
2008-09-01,8,0,291.3908022458629
2008-10-01,8,0,287.93521928809946
2008-11-01,8,0,282.7549968980054
2008-12-01,8,0,279.3745455623955
2009-01-01,8,0,278.11370204642344
2009-02-01,8,0,278.85475182702277
2009-03-01,8,0,282.08270445054336
2009-04-01,8,0,285.3907910997625
2009-05-01,8,0,290.7539471814159
2009-06-01,8,0,293.8668893787608
2009-07-01,8,0,296.50292986544355
2009-08-01,8,0,296.7812802939725
2009-09-01,8,0,292.5804275534448
2009-10-01,8,0,288.14758632749783
2009-11-01,8,0,284.13609959220304
2009-12-01,8,0,280.24646271849247
2010-01-01,8,0,277.8563847660921
2010-02-01,8,0,279.27247506840445
2010-03-01,8,0,281.6032712940389
2010-04-01,8,0,285.82347638281584
2010-05-01,8,0,288.92008925015284
2010-06-01,8,0,293.082743055674
2010-07-01,8,0,296.8716894597204
2010-08-01,8,0,296.51480297994874
2010-09-01,8,0,291.9686740453511
2010-10-01,8,0,286.64139529030183
2010-11-01,8,0,283.8781518921595
2010-12-01,8,0,279.1033494078755
2011-01-01,8,0,278.5080218081392
2011-02-01,8,0,279.4593010600134
2011-03-01,8,0,281.8398477182743
2011-04-01,8,0,286.5274313494259
2011-05-01,8,0,289.9477498836779
2011-06-01,8,0,293.5373522500872
2011-07-01,8,0,295.5636076538299
2011-08-01,8,0,296.5051121935224
2011-09-01,8,0,294.23226408124236
2011-10-01,8,0,287.73377308779845
2011-11-01,8,0,282.73969304754974
2011-12-01,8,0,280.17453229930857
2012-01-01,8,0,277.9021318612919
2012-02-01,8,0,276.0963187046521
2012-03-01,8,0,283.14791523273885
2012-04-01,8,0,285.16819159123065
2012-05-01,8,0,289.8506674180977
2012-06-01,8,0,295.2058509373352
2012-07-01,8,0,297.192395128307
2012-08-01,8,0,297.58784843685464
2012-09-01,8,0,293.07632610004896
2012-10-01,8,0,288.90658392279704
2012-11-01,8,0,284.3821064844575
2012-12-01,8,0,279.1721619056541
2013-01-01,8,0,279.0212322580443
2013-02-01,8,0,278.8160405688253
2013-03-01,8,0,281.83573493820074
2013-04-01,8,0,285.9529907830431
2013-05-01,8,0,288.8408156263056
2013-06-01,8,0,292.8986717148822
2013-07-01,8,0,296.5000620636638
2013-08-01,8,0,296.666500200786
2013-09-01,8,0,292.7144964938457
2013-10-01,8,0,288.9474256390622
2013-11-01,8,0,283.336372290198
2013-12-01,8,0,279.40235617846565
2014-01-01,8,0,280.61013354661725
2014-02-01,8,0,281.18573051143915
2014-03-01,8,0,283.0727402320384
2014-04-01,8,0,286.38139103902887
2014-05-01,8,0,289.10491903691144
2014-06-01,8,0,293.5860575042095
2014-07-01,8,0,295.1927523236635
2014-08-01,8,0,295.65213323533015
2014-09-01,8,0,292.5702181683291
2014-10-01,8,0,289.1502900543162
2014-11-01,8,0,284.7088661766683
2014-12-01,8,0,280.2689514857552
2015-01-01,8,0,278.87252619757936
2015-02-01,8,0,278.80674067827067
2015-03-01,8,0,282.345484494785
2015-04-01,8,0,285.6222178123424
2015-05-01,8,0,290.7716116797486
2015-06-01,8,0,294.0754088652794
2015-07-01,8,0,298.2273963610102
2015-08-01,8,0,296.714146032023
2015-09-01,8,0,292.67039979900267
2015-10-01,8,0,287.9129525867887
2015-11-01,8,0,284.4527872578308
2015-12-01,8,0,281.0120414983545
2016-01-01,8,0,279.67607552591335
2016-02-01,8,0,281.965677302988
2016-03-01,8,0,282.16149626187985
2016-04-01,8,0,286.4842911018013
2016-05-01,8,0,288.8100413091638
2016-06-01,8,0,294.0585172088937
2016-07-01,8,0,296.9916474903397
2016-08-01,8,0,296.26377586976673
2016-09-01,8,0,293.2052944015679
2016-10-01,8,0,288.0330776484913
2016-11-01,8,0,283.31554327694766
2016-12-01,8,0,279.2459087540201
2017-01-01,8,0,276.18271963422865
2017-02-01,8,0,281.0427387578032
2017-03-01,8,0,283.8555542906134
2017-04-01,8,0,285.8578812778277
2017-05-01,8,0,290.2877060768651
2017-06-01,8,0,295.5292625439278
2017-07-01,8,0,296.9500650805327
2017-08-01,8,0,297.29007117902086
2017-09-01,8,0,292.02983142163873
2017-10-01,8,0,288.66451691791326
2017-11-01,8,0,282.87275641494637
2017-12-01,8,0,279.5522534411127
2018-01-01,8,0,280.2768086013251
2018-02-01,8,0,278.5462627747082
2018-03-01,8,0,281.8311384847033
2018-04-01,8,0,287.33237517443644
2018-05-01,8,0,290.26052026570244
2018-06-01,8,0,293.80557598931
2018-07-01,8,0,296.48572837977366
2018-08-01,8,0,297.00300571243446
2018-09-01,8,0,293.69146935913795
2018-10-01,8,0,288.69957066687516
2018-11-01,8,0,283.8287054617196
2018-12-01,8,0,279.99690122397897
2019-01-01,8,0,277.740291851209
2019-02-01,8,0,280.48009640520274
2019-03-01,8,0,283.5474599303237
2019-04-01,8,0,285.1299849749678
2019-05-01,8,0,288.4444816566708
2019-06-01,8,0,294.9154442497022
2019-07-01,8,0,296.8675117397054
2019-08-01,8,0,297.0940716496731
2019-09-01,8,0,293.1763270095187
2019-10-01,8,0,289.4099435402627
2019-11-01,8,0,284.5211911212085
2019-12-01,8,0,281.3824004173757
2020-01-01,8,0,279.18008336859805
2020-02-01,8,0,281.9643339118386
2020-03-01,8,0,282.72315124887405
2020-04-01,8,0,285.6904914642556
2020-05-01,8,0,290.3255293122058
2020-06-01,8,0,292.97744558947124
2020-07-01,8,0,296.8220645473091
2020-08-01,8,0,296.86620222816174
2020-09-01,8,0,293.44534692274283
2020-10-01,8,0,287.7753278563574
2020-11-01,8,0,283.92947226405613
2020-12-01,8,0,280.8565672078228
2021-01-01,8,0,278.793265966778
2021-02-01,8,0,281.5148365336919
2021-03-01,8,0,281.82893003267725
2021-04-01,8,0,284.44357622280376
2021-05-01,8,0,289.2984389939033
2021-06-01,8,0,294.2653974806345
2021-07-01,8,0,296.9938853344382
2021-08-01,8,0,296.888605222783
2021-09-01,8,0,293.0455993723171
2021-10-01,8,0,287.42781628588796
2021-11-01,8,0,283.3408432915202
2021-12-01,8,0,280.40064247502255
2022-01-01,8,0,278.5255017974697
2022-02-01,8,0,280.98843569083726
2022-03-01,8,0,281.06709507310546
2022-04-01,8,0,284.9994586247249
2022-05-01,8,0,291.2020612862578
2022-06-01,8,0,295.7708295572635
2022-07-01,8,0,298.15086636209094
2022-08-01,8,0,297.3488910465149
2022-09-01,8,0,292.81729093466106
2022-10-01,8,0,290.104072404709
2022-11-01,8,0,284.8204132625684
2022-12-01,8,0,282.14835064572213
2023-01-01,8,0,279.89599561279454
2023-02-01,8,0,279.6336649940207
2023-03-01,8,0,283.64232054783355
2023-04-01,8,0,285.77848781503496
2023-05-01,8,0,289.3066508614583
2023-06-01,8,0,294.1666319595369
2023-07-01,8,0,297.98652319498706
2023-08-01,8,0,297.39449960395075
2023-09-01,8,0,294.1167060629904
2023-10-01,8,0,290.8657775154877
2023-11-01,8,0,284.66801792687454
2023-12-01,8,0,281.305461638854
